State,County,County FIPS Code,2010 Population,CO 8-hr,Pb 3-mo,NO2 AM,NO2 1-hr,O3 8hr,PM10 24-hr,PM2.5 Wtd,PM2.5 24-hr,SO2 1-hr
Alabama,BaldwNULL County,1003,182265,NULL,NULL,NULL,NULL,0.057,NULL,7.9,17,NULL
Alabama,Clay County,1027,13932,NULL,NULL,NULL,NULL,NULL,NULL,6.7,14,NULL
Alabama,Colbert County,1033,54428,NULL,NULL,NULL,NULL,NULL,NULL,NULL,NULL,NULL
Alabama,DeKalb County,1049,71109,NULL,NULL,NULL,NULL,0.057,NULL,7.1,17,NULL
Alabama,Elmore County,1051,79303,NULL,NULL,NULL,NULL,0.048,NULL,NULL,NULL,NULL
Alabama,Escambia County,1053,38319,NULL,NULL,NULL,NULL,NULL,NULL,NULL,NULL,NULL
Alabama,Etowah County,1055,104430,NULL,NULL,NULL,NULL,0.053,NULL,7.9,23,NULL
Alabama,Houston County,1069,101547,NULL,NULL,NULL,NULL,NULL,NULL,NULL,NULL,NULL
Alabama,Jefferson County,1073,658466,1,NULL,11,44,0.062,83,10.1,25,12
Alabama,Madison County,1089,334811,NULL,NULL,NULL,NULL,0.057,37,7.1,17,NULL
Alabama,Mobile County,1097,412992,NULL,NULL,NULL,NULL,0.054,NULL,8,16,11
Alabama,Montgomery County,1101,229363,NULL,NULL,NULL,NULL,0.053,25,7.9,24,NULL
Alabama,Morgan County,1103,119490,NULL,NULL,NULL,NULL,0.057,NULL,7.1,16,NULL
Alabama,Pike County,1109,32899,NULL,0.17,NULL,NULL,NULL,NULL,NULL,NULL,NULL
Alabama,Russell County,1113,52947,NULL,NULL,NULL,NULL,0.054,NULL,8.5,19,NULL
Alabama,Shelby County,1117,195085,NULL,NULL,NULL,NULL,0.059,NULL,NULL,NULL,37
Alabama,Sumter County,1119,13763,NULL,NULL,NULL,NULL,0.051,NULL,NULL,NULL,3
Alabama,Talladega County,1121,82291,NULL,NULL,NULL,NULL,NULL,NULL,NULL,NULL,NULL
Alabama,Tuscaloosa County,1125,194656,NULL,NULL,NULL,NULL,0.052,NULL,7.5,17,NULL
Alabama,Walker County,1127,67023,NULL,NULL,NULL,NULL,NULL,NULL,NULL,NULL,NULL
Alaska,Anchorage Municipality,2020,291826,3,NULL,NULL,NULL,NULL,77,5.9,22,NULL
Alaska,Bethel Census Area,2050,17013,NULL,NULL,NULL,NULL,NULL,48,NULL,NULL,NULL
Alaska,Denali Borough,2068,1826,NULL,NULL,NULL,NULL,0.051,NULL,NULL,NULL,NULL
Alaska,Fairbanks North Star Borough,2090,97581,2,NULL,NULL,NULL,0.043,43,12.1,71,30
Alaska,Juneau City aNULL Borough,2110,31275,NULL,NULL,NULL,NULL,NULL,34,4.8,17,NULL
Alaska,Kenai PenNULLsula Borough,2122,55400,NULL,NULL,NULL,NULL,NULL,NULL,NULL,NULL,NULL
Alaska,Ketchikan Gateway Borough,2130,13477,NULL,NULL,NULL,NULL,NULL,NULL,NULL,NULL,NULL
Alaska,Matanuska-Susitna Borough,2170,88995,NULL,NULL,NULL,NULL,NULL,77,4.6,24,NULL
Alaska,Skagway Municipality,2232,968,NULL,NULL,NULL,NULL,NULL,NULL,NULL,NULL,NULL
Arizona,Apache County,4001,71518,NULL,NULL,NULL,NULL,NULL,43,3.2,13,NULL
Arizona,Cochise County,4003,131346,NULL,NULL,NULL,NULL,0.066,136,NULL,NULL,NULL
Arizona,CoconNULLo County,4005,134421,NULL,NULL,NULL,NULL,0.063,NULL,NULL,NULL,NULL
Arizona,Gila County,4007,53597,NULL,0.03,NULL,NULL,0.081,74,NULL,NULL,70
Arizona,La Paz County,4012,20489,NULL,NULL,NULL,NULL,0.064,148,4.2,11,NULL
Arizona,Maricopa County,4013,3817117,3,NULL,25,57,0.087,199,13.2,37,7
Arizona,Mohave County,4015,200186,NULL,NULL,NULL,NULL,NULL,127,NULL,NULL,NULL
Arizona,Navajo County,4017,107449,NULL,NULL,NULL,NULL,0.067,45,NULL,NULL,NULL
Arizona,Pima County,4019,980263,1,NULL,8,37,0.072,211,5.9,14,1
Arizona,PNULLal County,4021,375770,NULL,NULL,NULL,NULL,0.08,624,15.5,41,NULL
Arizona,Santa Cruz County,4023,47420,NULL,NULL,NULL,NULL,NULL,128,10.2,32,NULL
Arizona,Yavapai County,4025,211033,NULL,NULL,NULL,NULL,0.066,NULL,NULL,NULL,NULL
Arizona,Yuma County,4027,195751,NULL,NULL,NULL,NULL,0.067,179,9.1,23,NULL
Arkansas,Arkansas County,5001,19019,NULL,NULL,NULL,NULL,NULL,NULL,7.2,17,NULL
Arkansas,Ashley County,5003,21853,NULL,NULL,NULL,NULL,NULL,NULL,7.4,18,NULL
Arkansas,Benton County,5007,221339,NULL,NULL,NULL,NULL,NULL,NULL,NULL,NULL,NULL
Arkansas,Clark County,5019,22995,NULL,NULL,NULL,NULL,0.052,NULL,NULL,NULL,NULL
Arkansas,Craighead County,5031,96443,NULL,NULL,NULL,NULL,NULL,NULL,NULL,NULL,NULL
Arkansas,CritteNULLen County,5035,50902,NULL,NULL,7,36,0.069,NULL,7.5,17,NULL
Arkansas,Faulkner County,5045,113237,NULL,NULL,NULL,NULL,NULL,NULL,NULL,NULL,NULL
Arkansas,GarlaNULL County,5051,96024,NULL,NULL,NULL,NULL,NULL,NULL,8,19,NULL
Arkansas,Jackson County,5067,17997,NULL,NULL,NULL,NULL,NULL,NULL,7.1,22,NULL
Arkansas,Jefferson County,5069,77435,NULL,NULL,NULL,NULL,NULL,NULL,NULL,NULL,NULL
Arkansas,Marion County,5089,16653,NULL,NULL,NULL,NULL,NULL,NULL,NULL,NULL,NULL
Arkansas,Miller County,5091,43462,NULL,NULL,NULL,NULL,NULL,NULL,NULL,NULL,NULL
Arkansas,Mississippi County,5093,46480,NULL,NULL,NULL,NULL,NULL,NULL,NULL,NULL,NULL
Arkansas,Newton County,5101,8330,NULL,NULL,NULL,NULL,0.06,NULL,NULL,NULL,NULL
Arkansas,Phillips County,5107,21757,NULL,NULL,NULL,NULL,NULL,NULL,NULL,NULL,NULL
Arkansas,Polk County,5113,20662,NULL,NULL,NULL,NULL,0.058,NULL,7.2,21,NULL
Arkansas,Pope County,5115,61754,NULL,NULL,NULL,NULL,NULL,NULL,NULL,NULL,NULL
Arkansas,Pulaski County,5119,382748,1,NULL,7,36,0.064,35,9.7,24,5
Arkansas,Sebastian County,5131,125744,NULL,NULL,NULL,NULL,NULL,NULL,NULL,NULL,NULL
Arkansas,Union County,5139,41639,NULL,NULL,NULL,NULL,NULL,NULL,8.5,22,NULL
Arkansas,WashNULLgton County,5143,203065,NULL,NULL,NULL,NULL,0.055,33,6.9,16,NULL
Arkansas,White County,5145,77076,NULL,NULL,NULL,NULL,NULL,NULL,NULL,NULL,NULL
California,Alameda County,6001,1510271,2,NULL,14,48,0.071,NULL,11.8,65,5
California,Amador County,6005,38091,NULL,NULL,NULL,NULL,0.065,NULL,NULL,NULL,NULL
California,Butte County,6007,220000,4,NULL,5,27,0.074,325,16,92,NULL
California,Calaveras County,6009,45578,NULL,NULL,NULL,NULL,0.073,162,12.6,97,NULL
California,Colusa County,6011,21419,NULL,NULL,NULL,NULL,0.052,210,12.2,104,NULL
California,Contra Costa County,6013,1049025,2,NULL,7,34,0.069,43,11.1,66,14
California,Del Norte County,6015,28610,NULL,NULL,NULL,NULL,NULL,NULL,NULL,NULL,NULL
California,El Dorado County,6017,181058,NULL,NULL,NULL,NULL,0.086,169,NULL,NULL,NULL
California,Fresno County,6019,930450,2,NULL,20,54,0.09,320,20.3,124,5
California,Glenn County,6021,28122,NULL,NULL,NULL,NULL,0.056,152,NULL,NULL,NULL
California,Humboldt County,6023,134623,2,NULL,2,16,0.04,131,NULL,NULL,1
California,Imperial County,6025,174528,3,NULL,10,51,0.08,190,12,34,7
California,NULLyo County,6027,18546,1,NULL,NULL,NULL,0.072,526,11.8,308,1
California,Kern County,6029,839631,1,NULL,13,53,0.101,236,20.3,81,NULL
California,KNULLgs County,6031,152982,NULL,NULL,9,44,0.084,323,19.9,87,NULL
California,Lake County,6033,64665,NULL,NULL,NULL,NULL,0.059,114,9.3,85,NULL
California,Los Angeles County,6037,9818605,3,0.02,23,86,0.124,169,14.8,53,3
California,Madera County,6039,150865,NULL,NULL,6,29,0.085,314,16.9,88,NULL
California,MarNULL County,6041,252409,2,NULL,8,36,0.06,39,8.6,41,NULL
California,Mariposa County,6043,18251,NULL,NULL,NULL,NULL,0.091,484,NULL,NULL,NULL
California,MeNULLocNULLo County,6045,87841,NULL,NULL,NULL,NULL,0.059,187,12.4,62,NULL
California,Merced County,6047,255793,NULL,NULL,7,31,0.079,123,15.5,78,NULL
California,Modoc County,6049,9686,NULL,NULL,NULL,NULL,NULL,NULL,NULL,NULL,NULL
California,Mono County,6051,14202,NULL,NULL,NULL,NULL,NULL,1955,40.3,453,NULL
California,Monterey County,6053,415057,1,NULL,4,25,0.057,218,8.8,64,NULL
California,Napa County,6055,136484,2,NULL,5,26,0.06,81,10.4,57,NULL
California,Nevada County,6057,98764,NULL,NULL,NULL,NULL,0.08,NULL,14.1,90,NULL
California,Orange County,6059,3010232,2,NULL,19,53,0.09,120,12.3,42,NULL
California,Placer County,6061,348432,NULL,NULL,6,NULL,0.083,213,13.4,93,NULL
California,Plumas County,6063,20007,NULL,NULL,NULL,NULL,NULL,NULL,20.9,109,NULL
California,Riverside County,6065,2189641,2,NULL,15,54,0.104,359,14.7,40,2
California,Sacramento County,6067,1418788,2,NULL,11,46,0.078,231,14.7,85,3
California,San Benito County,6069,55269,NULL,NULL,NULL,NULL,0.069,116,8.9,59,NULL
California,San BernardNULLo County,6071,2035210,1,NULL,29,78,0.125,205,15.1,43,5
California,San Diego County,6073,3095313,2,0.02,14,49,0.082,158,20.5,75,1
California,San Francisco County,6075,805235,2,NULL,9,41,0.048,NULL,10.5,40,NULL
California,San JoaquNULL County,6077,685306,2,NULL,11,54,0.068,226,14.8,92,NULL
California,San Luis Obispo County,6079,269637,NULL,NULL,4,26,0.08,280,9.8,63,2
California,San Mateo County,6081,718451,2,NULL,8,38,0.054,NULL,9.8,46,NULL
California,Santa Barbara County,6083,423895,1,NULL,5,28,0.072,103,9.3,37,3
California,Santa Clara County,6085,1781642,2,NULL,14,49,0.069,91,12.5,56,2
California,Santa Cruz County,6087,262382,NULL,NULL,NULL,NULL,0.048,NULL,11,88,NULL
California,Shasta County,6089,177223,NULL,NULL,NULL,NULL,0.069,100,10.2,66,NULL
California,Siskiyou County,6093,44900,NULL,NULL,NULL,NULL,0.06,NULL,10.9,85,NULL
California,Solano County,6095,413344,2,NULL,7,42,0.066,170,12,52,4
California,Sonoma County,6097,483878,2,NULL,4,25,0.052,134,8.3,34,NULL
California,Stanislaus County,6099,514453,2,NULL,9,41,0.08,216,15.5,87,NULL
California,Sutter County,6101,94737,NULL,NULL,6,38,0.083,246,16.4,91,NULL
California,Tehama County,6103,63463,NULL,NULL,NULL,NULL,0.074,151,13.2,87,NULL
California,TrNULLity County,6105,13786,NULL,NULL,NULL,NULL,NULL,NULL,NULL,NULL,NULL
California,Tulare County,6107,442179,NULL,NULL,9,48,0.095,270,19.6,83,NULL
California,Tuolumne County,6109,55365,NULL,NULL,NULL,NULL,0.08,NULL,NULL,NULL,NULL
California,Ventura County,6111,823318,NULL,NULL,7,34,0.085,162,7.9,32,NULL
California,Yolo County,6113,200849,NULL,NULL,4,24,0.066,116,NULL,134,NULL
Colorado,Adams County,8001,441603,1,NULL,16,57,0.078,113,9.8,28,6
Colorado,Arapahoe County,8005,572003,NULL,NULL,NULL,NULL,0.083,NULL,6,24,NULL
Colorado,Archuleta County,8007,12084,NULL,NULL,NULL,NULL,0.066,59,NULL,NULL,NULL
Colorado,Boulder County,8013,294567,NULL,NULL,NULL,NULL,0.076,74,9.5,52,NULL
Colorado,Clear Creek County,8019,9088,NULL,NULL,NULL,NULL,0.073,NULL,NULL,NULL,NULL
Colorado,Delta County,8029,30952,NULL,NULL,NULL,NULL,0.061,42,NULL,NULL,NULL
Colorado,Denver County,8031,600158,2,NULL,25,71,0.078,104,10.5,39,7
Colorado,Douglas County,8035,285465,NULL,NULL,NULL,NULL,0.083,NULL,6.9,42,NULL
Colorado,Elbert County,8039,23086,NULL,NULL,NULL,NULL,NULL,NULL,NULL,NULL,NULL
Colorado,El Paso County,8041,622263,1,NULL,NULL,NULL,0.079,50,6,21,9
Colorado,Fremont County,8043,46824,NULL,NULL,NULL,NULL,NULL,NULL,NULL,NULL,NULL
Colorado,Garfield County,8045,56389,NULL,NULL,3,18,0.069,39,NULL,NULL,NULL
Colorado,GilpNULL County,8047,5441,NULL,NULL,NULL,NULL,0.077,NULL,NULL,NULL,NULL
Colorado,Gunnison County,8051,15324,NULL,NULL,NULL,NULL,0.066,NULL,NULL,NULL,NULL
Colorado,Jefferson County,8059,534543,NULL,NULL,2,25,0.087,NULL,NULL,NULL,NULL
Colorado,La Plata County,8067,51334,NULL,NULL,1,7,0.066,NULL,NULL,NULL,NULL
Colorado,Larimer County,8069,299630,1,NULL,NULL,NULL,0.075,NULL,8.1,47,NULL
Colorado,Mesa County,8077,146723,NULL,NULL,NULL,NULL,0.065,71,6.1,20,NULL
Colorado,Montezuma County,8083,25535,NULL,NULL,NULL,NULL,0.067,NULL,NULL,NULL,NULL
Colorado,Park County,8093,16206,NULL,NULL,NULL,NULL,NULL,NULL,NULL,NULL,NULL
Colorado,PitkNULL County,8097,17148,NULL,NULL,NULL,NULL,NULL,51,NULL,NULL,NULL
Colorado,Prowers County,8099,12551,NULL,NULL,NULL,NULL,NULL,307,NULL,NULL,NULL
Colorado,Pueblo County,8101,159063,NULL,NULL,NULL,NULL,NULL,52,NULL,NULL,NULL
Colorado,Rio Blanco County,8103,6666,NULL,NULL,2,26,0.065,NULL,8.4,23,NULL
Colorado,Routt County,8107,23509,NULL,NULL,NULL,NULL,NULL,69,NULL,NULL,NULL
Colorado,San Miguel County,8113,7359,NULL,NULL,NULL,NULL,NULL,59,NULL,NULL,NULL
Colorado,Weld County,8123,252825,1,NULL,NULL,NULL,0.076,NULL,9.8,37,NULL
Connecticut,Fairfield County,9001,916829,NULL,NULL,8,39,0.077,48,8.1,25,3
Connecticut,Hartford County,9003,894014,1,NULL,12,42,0.064,45,7.6,20,NULL
Connecticut,Litchfield County,9005,189927,0,NULL,NULL,NULL,0.063,29,5.1,13,1
Connecticut,Middlesex County,9007,165676,NULL,NULL,NULL,NULL,0.069,NULL,NULL,NULL,NULL
Connecticut,New Haven County,9009,862477,1,NULL,11,45,0.08,66,8.2,23,2
Connecticut,New LoNULLon County,9011,274055,NULL,NULL,NULL,NULL,0.071,59,6.9,17,NULL
Connecticut,TollaNULL County,9013,152691,NULL,NULL,NULL,NULL,0.063,NULL,NULL,NULL,NULL
Connecticut,WNULLULLham County,9015,118428,NULL,NULL,NULL,NULL,0.062,NULL,NULL,NULL,NULL
Delaware,Kent County,10001,162310,NULL,NULL,NULL,NULL,0.062,NULL,NULL,NULL,NULL
Delaware,New Castle County,10003,538479,1,NULL,9,NULL,0.063,NULL,7.2,17,NULL
Delaware,Sussex County,10005,197145,NULL,NULL,NULL,NULL,0.06,NULL,NULL,NULL,NULL
District of Columbia,District of Columbia,11001,601723,2,NULL,12,45,0.063,46,7.8,21,4
Florida,Alachua County,12001,247336,NULL,NULL,NULL,NULL,0.06,NULL,7.6,16,NULL
Florida,Baker County,12003,27115,NULL,NULL,NULL,NULL,0.055,NULL,NULL,NULL,NULL
Florida,Bay County,12005,168852,NULL,NULL,NULL,NULL,0.058,NULL,NULL,NULL,NULL
Florida,Brevard County,12009,543376,NULL,NULL,NULL,NULL,0.058,85,7.9,17,NULL
Florida,Broward County,12011,1748066,1,NULL,13,39,0.067,79,9.3,18,1
Florida,Citrus County,12017,141236,NULL,NULL,NULL,NULL,NULL,NULL,NULL,NULL,37
Florida,Collier County,12021,321520,NULL,NULL,NULL,NULL,0.057,NULL,NULL,NULL,NULL
Florida,Columbia County,12023,67531,NULL,NULL,NULL,NULL,0.049,NULL,NULL,NULL,NULL
Florida,Duval County,12031,864263,1,NULL,10,37,0.057,98,8.3,18,16
Florida,Escambia County,12033,297619,NULL,NULL,NULL,NULL,0.058,NULL,9.7,20,4
Florida,Flagler County,12035,95696,NULL,NULL,NULL,NULL,0.053,NULL,NULL,NULL,NULL
Florida,Hamilton County,12047,14799,NULL,NULL,NULL,NULL,NULL,NULL,NULL,NULL,8
Florida,HighlaNULLs County,12055,98786,NULL,NULL,NULL,NULL,0.059,NULL,NULL,NULL,NULL
Florida,Hillsborough County,12057,1229226,1,0.09,9,35,0.065,57,8.4,18,42
Florida,Holmes County,12059,19927,NULL,NULL,NULL,NULL,0.055,NULL,NULL,NULL,NULL
Florida,NULLULLian River County,12061,138028,NULL,NULL,NULL,NULL,0.059,NULL,NULL,NULL,NULL
Florida,Lake County,12069,297052,NULL,NULL,NULL,NULL,0.062,NULL,NULL,NULL,NULL
Florida,Lee County,12071,618754,NULL,NULL,NULL,NULL,0.061,57,NULL,NULL,NULL
Florida,Leon County,12073,275487,NULL,NULL,NULL,NULL,0.055,NULL,7.5,18,NULL
Florida,Liberty County,12077,8365,NULL,NULL,NULL,NULL,0.054,NULL,NULL,NULL,NULL
Florida,Manatee County,12081,322833,NULL,NULL,NULL,NULL,0.059,NULL,NULL,NULL,7
Florida,Marion County,12083,331298,NULL,NULL,NULL,NULL,0.061,NULL,NULL,NULL,NULL
Florida,MartNULL County,12085,146318,NULL,NULL,NULL,NULL,0.057,NULL,NULL,NULL,NULL
Florida,Miami-Dade County,12086,2496435,1,NULL,9,34,0.06,87,7.7,16,1
Florida,Nassau County,12089,73314,NULL,NULL,NULL,NULL,NULL,NULL,NULL,NULL,60
Florida,Okaloosa County,12091,180822,NULL,NULL,NULL,NULL,0.056,55,NULL,NULL,NULL
Florida,Orange County,12095,1145956,1,NULL,3,NULL,0.062,41,6.8,17,4
Florida,Osceola County,12097,268685,NULL,NULL,NULL,NULL,0.06,NULL,NULL,NULL,NULL
Florida,Palm Beach County,12099,1320134,NULL,NULL,NULL,NULL,0.059,87,7.3,21,NULL
Florida,Pasco County,12101,464697,NULL,NULL,NULL,NULL,0.062,NULL,NULL,NULL,NULL
Florida,PNULLellas County,12103,916542,1,NULL,8,27,0.064,60,7.9,18,6
Florida,Polk County,12105,602095,NULL,NULL,NULL,NULL,0.062,47,8.4,19,13
Florida,Putnam County,12107,74364,NULL,NULL,NULL,NULL,NULL,47,NULL,NULL,8
Florida,St. Lucie County,12111,277789,NULL,NULL,NULL,NULL,0.058,NULL,NULL,NULL,NULL
Florida,Santa Rosa County,12113,151372,NULL,NULL,NULL,NULL,0.058,NULL,NULL,NULL,NULL
Florida,Sarasota County,12115,379448,NULL,NULL,NULL,NULL,0.06,56,7.9,18,NULL
Florida,SemNULLole County,12117,422718,NULL,NULL,NULL,NULL,0.06,43,7.3,16,NULL
Florida,Volusia County,12127,494593,NULL,NULL,NULL,NULL,0.059,50,8.1,17,NULL
Florida,Wakulla County,12129,30776,0,NULL,NULL,NULL,0.055,NULL,NULL,NULL,1
Georgia,Bibb County,13021,155547,NULL,NULL,NULL,NULL,0.054,NULL,8.1,18,2
Georgia,Chatham County,13051,265128,NULL,NULL,NULL,NULL,0.054,NULL,8.9,18,64
Georgia,Chattooga County,13055,26015,NULL,NULL,NULL,NULL,0.052,NULL,NULL,NULL,NULL
Georgia,Clarke County,13059,116714,NULL,NULL,NULL,NULL,0.056,NULL,8.4,20,NULL
Georgia,Clayton County,13063,259424,NULL,NULL,NULL,NULL,NULL,NULL,8.1,24,NULL
Georgia,Cobb County,13067,688078,NULL,NULL,NULL,NULL,0.056,NULL,8.2,24,NULL
Georgia,Coffee County,13069,42356,NULL,NULL,NULL,NULL,NULL,NULL,6.8,16,NULL
Georgia,Columbia County,13073,124053,NULL,NULL,NULL,NULL,0.052,NULL,NULL,NULL,NULL
Georgia,Dawson County,13085,22330,NULL,NULL,NULL,NULL,0.057,NULL,NULL,NULL,NULL
Georgia,DeKalb County,13089,691893,1,NULL,14,42,0.061,68,8.3,22,2
Georgia,Dougherty County,13095,94565,NULL,NULL,NULL,NULL,NULL,NULL,9.1,24,NULL
Georgia,Douglas County,13097,132403,NULL,NULL,NULL,NULL,0.056,NULL,NULL,NULL,NULL
Georgia,Floyd County,13115,96317,NULL,NULL,NULL,NULL,NULL,NULL,NULL,NULL,11
Georgia,Fulton County,13121,920581,2,NULL,16,41,0.063,33,9.5,25,3
Georgia,Glynn County,13127,79626,NULL,NULL,NULL,NULL,0.052,NULL,NULL,NULL,NULL
Georgia,GwNULLnett County,13135,805321,NULL,NULL,NULL,NULL,0.066,NULL,8.3,21,NULL
Georgia,Hall County,13139,179684,NULL,NULL,NULL,NULL,NULL,NULL,8.7,19,NULL
Georgia,Henry County,13151,203922,NULL,NULL,NULL,NULL,0.058,NULL,NULL,NULL,NULL
Georgia,Houston County,13153,139900,NULL,NULL,NULL,NULL,NULL,NULL,8.9,21,NULL
Georgia,LowNULLes County,13185,109233,NULL,NULL,NULL,NULL,NULL,NULL,8,19,NULL
Georgia,Murray County,13213,39628,NULL,NULL,NULL,NULL,0.057,NULL,NULL,NULL,NULL
Georgia,Muscogee County,13215,189885,NULL,0.01,NULL,NULL,0.053,NULL,8.4,23,NULL
Georgia,PauldNULLg County,13223,142324,NULL,NULL,NULL,NULL,NULL,NULL,NULL,NULL,NULL
Georgia,Pike County,13231,17869,NULL,NULL,NULL,NULL,0.054,NULL,NULL,NULL,NULL
Georgia,RichmoNULL County,13245,200549,NULL,NULL,NULL,NULL,0.056,39,10.7,23,58
Georgia,Rockdale County,13247,85215,NULL,NULL,NULL,NULL,0.06,NULL,NULL,NULL,NULL
Georgia,Sumter County,13261,32819,NULL,NULL,NULL,NULL,0.054,NULL,NULL,NULL,NULL
Georgia,Walker County,13295,68756,NULL,NULL,NULL,NULL,NULL,NULL,NULL,NULL,NULL
Georgia,WashNULLgton County,13303,21187,NULL,NULL,NULL,NULL,NULL,NULL,8.7,21,NULL
Georgia,WilkNULLson County,13319,9563,NULL,NULL,NULL,NULL,NULL,NULL,NULL,NULL,NULL
Hawaii,Hawaii County,15001,185079,NULL,NULL,NULL,NULL,NULL,NULL,3.5,10,274
Hawaii,Honolulu County,15003,953207,1,NULL,3,26,0.045,38,3.9,7,57
Hawaii,Kauai County,15007,67091,NULL,NULL,3,34,NULL,NULL,NULL,NULL,4
Hawaii,Maui County,15009,154834,NULL,NULL,NULL,NULL,NULL,NULL,3.9,7,NULL
Idaho,Ada County,16001,392365,2,NULL,10,43,0.065,115,7.6,37,2
Idaho,Bannock County,16005,82839,NULL,NULL,NULL,NULL,0.065,114,NULL,NULL,47
Idaho,Benewah County,16009,9285,NULL,NULL,NULL,NULL,NULL,NULL,10.3,73,NULL
Idaho,Boise County,16015,7028,NULL,NULL,NULL,NULL,NULL,NULL,NULL,NULL,NULL
Idaho,Bonner County,16017,40877,NULL,NULL,NULL,NULL,NULL,291,NULL,NULL,NULL
Idaho,Bonneville County,16019,104234,NULL,NULL,NULL,NULL,NULL,NULL,NULL,NULL,NULL
Idaho,BouNULLary County,16021,10972,NULL,NULL,NULL,NULL,NULL,NULL,NULL,NULL,NULL
Idaho,Butte County,16023,2891,NULL,NULL,NULL,NULL,0.066,NULL,NULL,NULL,NULL
Idaho,Canyon County,16027,188923,NULL,NULL,NULL,NULL,NULL,142,10.6,49,NULL
Idaho,Caribou County,16029,6963,NULL,NULL,NULL,NULL,NULL,NULL,NULL,NULL,44
Idaho,FranklNULL County,16041,12786,NULL,NULL,NULL,NULL,NULL,NULL,6.4,26,NULL
Idaho,Gem County,16045,16719,NULL,NULL,NULL,NULL,NULL,NULL,NULL,NULL,NULL
Idaho,Idaho County,16049,16267,NULL,NULL,NULL,NULL,0.054,NULL,NULL,NULL,NULL
Idaho,Jerome County,16053,22374,NULL,NULL,NULL,NULL,NULL,NULL,NULL,NULL,NULL
Idaho,Kootenai County,16055,138494,NULL,NULL,NULL,NULL,NULL,NULL,NULL,NULL,NULL
Idaho,Latah County,16057,37244,NULL,NULL,NULL,NULL,NULL,NULL,NULL,NULL,NULL
Idaho,Lemhi County,16059,7936,NULL,NULL,NULL,NULL,NULL,NULL,10.8,38,NULL
Idaho,Nez Perce County,16069,39265,NULL,NULL,NULL,NULL,NULL,NULL,NULL,NULL,NULL
Idaho,Power County,16077,7817,NULL,NULL,NULL,NULL,NULL,NULL,NULL,NULL,NULL
Idaho,Shoshone County,16079,12765,NULL,NULL,NULL,NULL,NULL,236,11.1,34,NULL
Idaho,TwNULL Falls County,16083,77230,NULL,NULL,NULL,NULL,NULL,NULL,NULL,NULL,NULL
Idaho,Valley County,16085,9862,NULL,NULL,NULL,NULL,NULL,NULL,NULL,NULL,NULL
IllNULLois,Adams County,17001,67103,NULL,NULL,NULL,NULL,0.064,NULL,NULL,NULL,NULL
IllNULLois,Champaign County,17019,201081,0,NULL,NULL,NULL,0.069,NULL,7.3,17,3
IllNULLois,Clark County,17023,16335,NULL,NULL,NULL,NULL,0.06,NULL,NULL,NULL,NULL
IllNULLois,Cook County,17031,5194675,1,NULL,16,50,0.079,149,10.8,23,14
IllNULLois,DuPage County,17043,916924,NULL,NULL,NULL,NULL,0.073,NULL,9.1,21,NULL
IllNULLois,EffNULLgham County,17049,34242,NULL,NULL,NULL,NULL,0.062,NULL,NULL,NULL,NULL
IllNULLois,Hamilton County,17065,8457,NULL,NULL,NULL,NULL,0.067,NULL,8.8,17,NULL
IllNULLois,Jersey County,17083,22985,NULL,NULL,NULL,NULL,0.062,NULL,7.5,17,NULL
IllNULLois,Jo Daviess County,17085,22678,NULL,NULL,NULL,NULL,0.063,NULL,NULL,NULL,NULL
IllNULLois,Kane County,17089,515269,NULL,NULL,NULL,NULL,0.073,NULL,8.4,21,NULL
IllNULLois,Lake County,17097,703462,NULL,NULL,NULL,NULL,0.076,NULL,NULL,NULL,NULL
IllNULLois,LaSalle County,17099,113924,NULL,NULL,NULL,NULL,NULL,NULL,NULL,NULL,8
IllNULLois,McHenry County,17111,308760,NULL,NULL,NULL,NULL,0.076,NULL,8.2,17,NULL
IllNULLois,McLean County,17113,169572,NULL,NULL,NULL,NULL,0.07,NULL,8.5,19,NULL
IllNULLois,Macon County,17115,110768,NULL,NULL,NULL,NULL,0.065,NULL,8.6,18,39
IllNULLois,MacoupNULL County,17117,47765,NULL,NULL,2,16,0.063,NULL,NULL,NULL,3
IllNULLois,Madison County,17119,269282,NULL,0.12,NULL,NULL,0.069,73,10.1,26,7
IllNULLois,Monroe County,17133,32957,NULL,NULL,NULL,NULL,NULL,NULL,NULL,NULL,10
IllNULLois,Peoria County,17143,186494,NULL,NULL,NULL,NULL,0.07,NULL,NULL,NULL,NULL
IllNULLois,RaNULLolph County,17157,33476,NULL,NULL,NULL,NULL,0.061,NULL,8.3,19,NULL
IllNULLois,Rock IslaNULL County,17161,147546,NULL,NULL,NULL,NULL,0.063,NULL,8.1,18,NULL
IllNULLois,St. Clair County,17163,270056,NULL,NULL,9,39,0.065,NULL,9.5,22,8
IllNULLois,Sangamon County,17167,197465,NULL,NULL,NULL,NULL,0.067,NULL,7.6,18,NULL
IllNULLois,Tazewell County,17179,135394,NULL,NULL,NULL,NULL,NULL,NULL,NULL,NULL,14
IllNULLois,Wabash County,17185,11947,NULL,NULL,NULL,NULL,NULL,NULL,NULL,NULL,49
IllNULLois,Will County,17197,677560,NULL,NULL,NULL,NULL,0.067,NULL,9.8,21,NULL
IllNULLois,WNULLnebago County,17201,295266,NULL,NULL,NULL,NULL,0.067,NULL,9.1,21,NULL
NULLULLiana,Allen County,18003,355329,NULL,NULL,NULL,NULL,0.065,NULL,8.3,18,NULL
NULLULLiana,Bartholomew County,18005,76794,NULL,NULL,NULL,NULL,0.065,NULL,6.7,16,NULL
NULLULLiana,Boone County,18011,56640,NULL,NULL,NULL,NULL,0.069,NULL,NULL,NULL,NULL
NULLULLiana,Brown County,18013,15242,NULL,NULL,NULL,NULL,0.062,NULL,NULL,NULL,NULL
NULLULLiana,Carroll County,18015,20155,NULL,NULL,NULL,NULL,0.062,NULL,NULL,NULL,NULL
NULLULLiana,Clark County,18019,110232,NULL,NULL,NULL,NULL,0.062,39,9.4,22,NULL
NULLULLiana,Daviess County,18027,31648,NULL,NULL,NULL,NULL,NULL,NULL,NULL,NULL,11
NULLULLiana,Delaware County,18035,117671,NULL,0.05,NULL,NULL,0.062,NULL,8,17,NULL
NULLULLiana,Dubois County,18037,41889,NULL,NULL,NULL,NULL,NULL,25,8.4,16,NULL
NULLULLiana,Elkhart County,18039,197559,NULL,NULL,NULL,NULL,0.062,NULL,8.2,20,NULL
NULLULLiana,Floyd County,18043,74578,NULL,NULL,NULL,NULL,0.066,NULL,NULL,NULL,5
NULLULLiana,Gibson County,18051,33503,NULL,NULL,NULL,NULL,NULL,NULL,NULL,NULL,59
NULLULLiana,Greene County,18055,33165,NULL,NULL,NULL,NULL,0.064,NULL,7.5,17,NULL
NULLULLiana,Hamilton County,18057,274569,NULL,NULL,NULL,NULL,0.063,NULL,9.4,20,NULL
NULLULLiana,HeNULLricks County,18063,145448,NULL,NULL,NULL,NULL,0.063,NULL,NULL,NULL,NULL
NULLULLiana,Henry County,18065,49462,NULL,NULL,NULL,NULL,NULL,NULL,7.3,16,NULL
NULLULLiana,Howard County,18067,82752,NULL,NULL,NULL,NULL,0.064,NULL,6.7,15,NULL
NULLULLiana,Knox County,18083,38440,NULL,NULL,NULL,NULL,0.065,NULL,NULL,NULL,NULL
NULLULLiana,Lake County,18089,496005,NULL,0.05,NULL,NULL,0.074,59,9.6,20,32
NULLULLiana,LaPorte County,18091,111467,NULL,NULL,NULL,NULL,0.079,NULL,NULL,NULL,NULL
NULLULLiana,Madison County,18095,131636,NULL,NULL,NULL,NULL,0.059,NULL,8.3,19,NULL
NULLULLiana,Marion County,18097,903393,2,NULL,11,39,0.067,65,11,24,6
NULLULLiana,Monroe County,18105,137974,NULL,NULL,NULL,NULL,NULL,NULL,7.4,18,NULL
NULLULLiana,Montgomery County,18107,38124,NULL,NULL,NULL,NULL,NULL,NULL,NULL,NULL,NULL
NULLULLiana,Perry County,18123,19338,NULL,NULL,NULL,NULL,0.065,NULL,NULL,NULL,NULL
NULLULLiana,Porter County,18127,164343,NULL,NULL,NULL,NULL,0.076,64,NULL,NULL,81
NULLULLiana,Posey County,18129,25910,NULL,NULL,NULL,NULL,0.064,NULL,NULL,NULL,NULL
NULLULLiana,St. Joseph County,18141,266931,NULL,NULL,4,NULL,0.067,NULL,9.1,22,NULL
NULLULLiana,Shelby County,18145,44436,NULL,NULL,NULL,NULL,0.061,NULL,NULL,NULL,NULL
NULLULLiana,Spencer County,18147,20952,NULL,NULL,NULL,NULL,NULL,NULL,8,17,NULL
NULLULLiana,Sullivan County,18153,21475,NULL,NULL,NULL,NULL,NULL,NULL,NULL,NULL,NULL
NULLULLiana,Tippecanoe County,18157,172780,NULL,NULL,NULL,NULL,NULL,NULL,9.3,18,NULL
NULLULLiana,VaNULLerburgh County,18163,179703,1,NULL,7,30,0.067,36,9.1,19,7
NULLULLiana,Vigo County,18167,107848,NULL,NULL,NULL,NULL,0.064,NULL,8.1,22,4
NULLULLiana,Wabash County,18169,32888,NULL,NULL,NULL,NULL,0.067,NULL,NULL,NULL,NULL
NULLULLiana,Warrick County,18173,59689,NULL,NULL,NULL,NULL,0.066,NULL,NULL,NULL,NULL
NULLULLiana,Whitley County,18183,33292,NULL,NULL,NULL,NULL,NULL,NULL,8.9,20,NULL
Iowa,Black Hawk County,19013,131090,NULL,NULL,NULL,NULL,NULL,NULL,7.9,22,NULL
Iowa,Bremer County,19017,24276,NULL,NULL,NULL,NULL,0.06,NULL,NULL,NULL,NULL
Iowa,Cerro Gordo County,19033,44151,NULL,NULL,NULL,NULL,NULL,68,NULL,NULL,NULL
Iowa,ClNULLton County,19045,49116,NULL,NULL,NULL,NULL,0.062,NULL,8.5,22,19
Iowa,Delaware County,19055,17764,NULL,NULL,NULL,NULL,NULL,NULL,NULL,NULL,NULL
Iowa,Emmet County,19063,10302,NULL,NULL,NULL,NULL,NULL,NULL,NULL,NULL,NULL
Iowa,Harrison County,19085,14928,NULL,NULL,NULL,NULL,0.061,NULL,NULL,NULL,NULL
Iowa,Johnson County,19103,130882,NULL,NULL,NULL,NULL,NULL,NULL,7.8,19,NULL
Iowa,Lee County,19111,35862,NULL,NULL,NULL,NULL,NULL,NULL,7.8,17,NULL
Iowa,LNULLn County,19113,211226,NULL,NULL,NULL,NULL,0.064,62,8.1,21,43
Iowa,Montgomery County,19137,10740,NULL,NULL,NULL,NULL,0.056,NULL,6.7,15,NULL
Iowa,MuscatNULLe County,19139,42745,NULL,NULL,NULL,NULL,NULL,39,8.1,22,20
Iowa,Palo Alto County,19147,9421,NULL,NULL,NULL,NULL,0.063,NULL,7.1,19,NULL
Iowa,Polk County,19153,430640,NULL,NULL,6,33,0.057,61,7.6,17,NULL
Iowa,Pottawattamie County,19155,93158,NULL,0.05,NULL,NULL,NULL,68,8.3,22,NULL
Iowa,Scott County,19163,165224,1,NULL,NULL,NULL,0.061,159,8.2,20,4
Iowa,Story County,19169,89542,NULL,NULL,NULL,NULL,NULL,NULL,NULL,NULL,NULL
Iowa,Tama County,19171,17767,NULL,NULL,NULL,NULL,NULL,NULL,NULL,NULL,NULL
Iowa,Van Buren County,19177,7570,NULL,NULL,2,7,0.059,36,6.8,17,1
Iowa,Woodbury County,19193,102172,NULL,NULL,NULL,NULL,NULL,NULL,7.6,21,NULL
Iowa,Wright County,19197,13229,NULL,NULL,NULL,NULL,NULL,NULL,NULL,NULL,NULL
Kansas,Ford County,20057,33848,NULL,NULL,NULL,NULL,NULL,88,NULL,NULL,NULL
Kansas,Johnson County,20091,544179,NULL,NULL,NULL,NULL,0.055,54,8.1,19,NULL
Kansas,Leavenworth County,20103,76227,NULL,NULL,NULL,NULL,0.059,NULL,NULL,NULL,NULL
Kansas,LNULLn County,20107,9656,NULL,NULL,NULL,NULL,NULL,NULL,NULL,NULL,NULL
Kansas,Neosho County,20133,16512,NULL,NULL,3,16,0.057,103,8.7,21,3
Kansas,SalNULLe County,20169,55606,NULL,0.05,NULL,NULL,NULL,NULL,NULL,NULL,NULL
Kansas,Sedgwick County,20173,498365,NULL,NULL,6,34,0.06,95,NULL,NULL,NULL
Kansas,Shawnee County,20177,177934,NULL,NULL,NULL,NULL,0.057,77,NULL,NULL,NULL
Kansas,Sherman County,20181,6010,NULL,NULL,NULL,NULL,NULL,137,NULL,NULL,NULL
Kansas,Sumner County,20191,24132,NULL,NULL,3,22,0.059,139,8.9,24,3
Kansas,Trego County,20195,3001,NULL,NULL,1,4,0.059,82,NULL,NULL,4
Kansas,WyaNULLotte County,20209,157505,1,NULL,8,38,0.063,89,11,27,5
Kentucky,Bell County,21013,28691,NULL,NULL,NULL,NULL,0.053,NULL,7.4,14,NULL
Kentucky,Boone County,21015,118811,NULL,NULL,NULL,NULL,0.062,NULL,NULL,NULL,NULL
Kentucky,Boyd County,21019,49542,NULL,NULL,5,27,0.059,40,7.5,16,5
Kentucky,Bullitt County,21029,74319,NULL,NULL,NULL,NULL,0.065,NULL,NULL,NULL,NULL
Kentucky,Campbell County,21037,90336,NULL,NULL,5,28,0.063,NULL,7.6,16,10
Kentucky,Carter County,21043,27720,NULL,NULL,NULL,NULL,0.053,17,5.6,11,NULL
Kentucky,Christian County,21047,73955,NULL,NULL,NULL,NULL,0.059,NULL,7.9,21,NULL
Kentucky,Daviess County,21059,96656,NULL,NULL,4,26,0.065,NULL,7.9,19,12
Kentucky,Edmonson County,21061,12161,0,NULL,NULL,NULL,0.056,NULL,NULL,NULL,2
Kentucky,Fayette County,21067,295803,NULL,NULL,5,38,0.06,21,7.5,17,3
Kentucky,FranklNULL County,21073,49285,NULL,NULL,NULL,NULL,NULL,NULL,NULL,NULL,NULL
Kentucky,Greenup County,21089,36910,NULL,NULL,NULL,NULL,0.052,NULL,NULL,NULL,6
Kentucky,Hancock County,21091,8565,NULL,NULL,NULL,NULL,0.065,NULL,NULL,NULL,NULL
Kentucky,HardNULL County,21093,105543,NULL,NULL,NULL,NULL,0.06,NULL,7.1,15,NULL
Kentucky,HeNULLerson County,21101,46250,NULL,NULL,NULL,NULL,NULL,NULL,NULL,NULL,73
Kentucky,Jefferson County,21111,741096,1,NULL,13,44,0.071,47,9.7,22,15
Kentucky,JessamNULLe County,21113,48586,NULL,NULL,NULL,NULL,0.059,NULL,NULL,NULL,3
Kentucky,Kenton County,21117,159720,NULL,NULL,NULL,NULL,NULL,NULL,NULL,NULL,NULL
Kentucky,Laurel County,21125,58849,NULL,NULL,NULL,NULL,NULL,NULL,NULL,NULL,NULL
Kentucky,LivNULLgston County,21139,9519,NULL,NULL,NULL,NULL,0.064,NULL,NULL,NULL,NULL
Kentucky,McCracken County,21145,65565,NULL,NULL,4,30,0.064,27,8.8,23,7
Kentucky,Madison County,21151,82916,NULL,0.02,NULL,NULL,NULL,NULL,NULL,NULL,NULL
Kentucky,Morgan County,21175,13923,NULL,NULL,NULL,NULL,0.054,NULL,NULL,NULL,NULL
Kentucky,Ohio County,21183,23842,NULL,NULL,NULL,NULL,NULL,NULL,NULL,NULL,NULL
Kentucky,Oldham County,21185,60316,NULL,NULL,NULL,NULL,0.061,NULL,NULL,NULL,NULL
Kentucky,Perry County,21193,28712,NULL,NULL,NULL,NULL,0.055,NULL,7.2,14,NULL
Kentucky,Pike County,21195,65024,NULL,NULL,NULL,NULL,0.053,NULL,6.6,14,NULL
Kentucky,Pulaski County,21199,63063,NULL,NULL,NULL,NULL,0.056,NULL,7.3,14,NULL
Kentucky,Simpson County,21213,17327,NULL,NULL,NULL,NULL,0.055,NULL,NULL,NULL,NULL
Kentucky,Trigg County,21221,14339,NULL,NULL,NULL,NULL,0.06,NULL,NULL,NULL,NULL
Kentucky,Warren County,21227,113792,NULL,NULL,NULL,NULL,0.057,NULL,7.8,16,NULL
Kentucky,WashNULLgton County,21229,11717,NULL,NULL,NULL,NULL,0.058,NULL,NULL,NULL,NULL
Louisiana,Ascension Parish,22005,107215,NULL,NULL,6,28,0.066,NULL,NULL,NULL,NULL
Louisiana,Bossier Parish,22015,116979,NULL,NULL,NULL,NULL,0.057,84,NULL,NULL,10
Louisiana,Caddo Parish,22017,254969,NULL,NULL,NULL,NULL,0.055,NULL,9.6,23,NULL
Louisiana,Calcasieu Parish,22019,192768,NULL,NULL,7,NULL,0.064,NULL,7.5,22,21
Louisiana,Concordia Parish,22029,20822,NULL,NULL,NULL,NULL,NULL,NULL,NULL,NULL,NULL
Louisiana,East Baton Rouge Parish,22033,440171,1,0.01,7,40,0.066,62,8.2,20,19
Louisiana,Iberville Parish,22047,33387,NULL,NULL,3,NULL,0.069,NULL,7.5,17,NULL
Louisiana,Jefferson Parish,22051,432552,NULL,NULL,5,34,0.063,NULL,7.3,18,NULL
Louisiana,Lafayette Parish,22055,221578,NULL,NULL,NULL,NULL,0.058,90,8.2,27,NULL
Louisiana,Lafourche Parish,22057,96318,NULL,NULL,NULL,NULL,0.06,NULL,NULL,NULL,NULL
Louisiana,LivNULLgston Parish,22063,128026,NULL,NULL,2,12,0.063,NULL,NULL,NULL,NULL
Louisiana,Orleans Parish,22071,343829,1,NULL,8,43,NULL,58,7.8,20,NULL
Louisiana,Ouachita Parish,22073,153720,NULL,NULL,NULL,NULL,0.057,NULL,7.3,18,NULL
Louisiana,PlaquemNULLes Parish,22075,23042,NULL,NULL,NULL,NULL,NULL,NULL,NULL,NULL,NULL
Louisiana,PoNULLte Coupee Parish,22077,22802,NULL,NULL,NULL,NULL,0.064,NULL,NULL,NULL,NULL
Louisiana,Rapides Parish,22079,131613,NULL,NULL,NULL,NULL,NULL,NULL,7.3,18,NULL
Louisiana,St. Bernard Parish,22087,35897,NULL,NULL,NULL,NULL,0.059,53,7.9,21,45
Louisiana,St. Charles Parish,22089,52780,NULL,NULL,NULL,NULL,NULL,NULL,NULL,NULL,56
Louisiana,St. James Parish,22093,22102,NULL,NULL,NULL,NULL,0.06,NULL,NULL,NULL,5
Louisiana,St. John the Baptist Parish,22095,45924,NULL,0.01,NULL,NULL,0.06,NULL,NULL,NULL,NULL
Louisiana,St. MartNULL Parish,22099,52160,NULL,NULL,NULL,NULL,0.06,NULL,NULL,NULL,NULL
Louisiana,St. Tammany Parish,22103,233740,NULL,NULL,NULL,NULL,0.059,NULL,NULL,NULL,NULL
Louisiana,Tangipahoa Parish,22105,121097,NULL,NULL,NULL,NULL,NULL,NULL,7.3,18,NULL
Louisiana,Terrebonne Parish,22109,111860,NULL,NULL,NULL,NULL,NULL,NULL,7.4,20,NULL
Louisiana,West Baton Rouge Parish,22121,23788,NULL,NULL,7,36,0.068,NULL,8.6,21,37
MaNULLe,ANULLroscoggNULL County,23001,107702,NULL,NULL,NULL,NULL,0.052,23,5.1,15,NULL
MaNULLe,Aroostook County,23003,71870,1,NULL,NULL,NULL,0.051,100,5.7,15,NULL
MaNULLe,CumberlaNULL County,23005,281674,1,NULL,6,47,0.058,49,7.3,17,4
MaNULLe,FranklNULL County,23007,30768,NULL,NULL,NULL,NULL,NULL,NULL,NULL,NULL,NULL
MaNULLe,Hancock County,23009,54418,0,NULL,NULL,NULL,0.068,16,2.7,9,1
MaNULLe,Kennebec County,23011,122151,NULL,NULL,NULL,NULL,0.052,35,5.8,14,NULL
MaNULLe,Knox County,23013,39736,NULL,NULL,NULL,NULL,0.059,NULL,NULL,NULL,NULL
MaNULLe,Oxford County,23017,57833,NULL,NULL,NULL,NULL,0.051,NULL,5.1,13,NULL
MaNULLe,Penobscot County,23019,153923,NULL,NULL,NULL,NULL,0.056,38,NULL,NULL,NULL
MaNULLe,WashNULLgton County,23029,32856,NULL,NULL,NULL,NULL,0.052,NULL,NULL,NULL,NULL
MaNULLe,York County,23031,197131,NULL,NULL,NULL,NULL,0.06,NULL,NULL,NULL,NULL
MarylaNULL,Allegany County,24001,75087,NULL,NULL,NULL,NULL,NULL,NULL,NULL,NULL,NULL
MarylaNULL,Anne AruNULLel County,24003,537656,NULL,NULL,NULL,NULL,0.066,21,NULL,NULL,NULL
MarylaNULL,Baltimore County,24005,805029,2,NULL,13,39,0.069,NULL,7.5,21,5
MarylaNULL,Calvert County,24009,88737,NULL,NULL,NULL,NULL,0.054,NULL,NULL,NULL,NULL
MarylaNULL,Carroll County,24013,167134,NULL,NULL,NULL,NULL,0.061,NULL,NULL,NULL,NULL
MarylaNULL,Cecil County,24015,101108,NULL,NULL,NULL,NULL,0.064,NULL,5.6,14,NULL
MarylaNULL,Charles County,24017,146551,NULL,NULL,NULL,NULL,0.052,NULL,NULL,NULL,NULL
MarylaNULL,Dorchester County,24019,32618,NULL,NULL,NULL,NULL,0.062,NULL,4.4,10,1
MarylaNULL,Frederick County,24021,233385,NULL,NULL,NULL,NULL,0.063,NULL,NULL,NULL,NULL
MarylaNULL,Garrett County,24023,30097,0,NULL,2,9,0.056,NULL,4.6,10,2
MarylaNULL,Harford County,24025,244826,NULL,NULL,NULL,NULL,0.067,NULL,5.8,15,NULL
MarylaNULL,Howard County,24027,287085,1,NULL,14,40,NULL,NULL,7,14,NULL
MarylaNULL,Kent County,24029,20197,NULL,NULL,NULL,NULL,0.061,NULL,4.6,10,NULL
MarylaNULL,Montgomery County,24031,971777,NULL,NULL,NULL,NULL,0.059,NULL,5.9,16,NULL
MarylaNULL,PrNULLce George's County,24033,863420,1,NULL,5,32,0.065,17,5.7,13,1
MarylaNULL,WashNULLgton County,24043,147430,NULL,NULL,NULL,NULL,0.057,NULL,6.6,18,NULL
MarylaNULL,Baltimore city,24510,620961,NULL,NULL,12,48,0.061,32,6.4,18,NULL
Massachusetts,Barnstable County,25001,215888,NULL,NULL,NULL,NULL,0.063,NULL,NULL,NULL,NULL
Massachusetts,Berkshire County,25003,131219,NULL,NULL,NULL,NULL,0.054,NULL,7.6,17,NULL
Massachusetts,Bristol County,25005,548285,NULL,NULL,NULL,NULL,0.066,NULL,6.2,17,3
Massachusetts,Dukes County,25007,16535,NULL,NULL,NULL,NULL,0.06,NULL,NULL,NULL,NULL
Massachusetts,Essex County,25009,743159,NULL,NULL,NULL,NULL,0.059,NULL,5.5,14,NULL
Massachusetts,FranklNULL County,25011,71372,NULL,NULL,NULL,NULL,0.052,NULL,8.2,20,NULL
Massachusetts,Hampden County,25013,463490,NULL,NULL,10,44,0.061,NULL,8.6,22,3
Massachusetts,Hampshire County,25015,158080,NULL,NULL,2,23,0.061,16,NULL,NULL,1
Massachusetts,Middlesex County,25017,1503085,NULL,NULL,11,39,0.059,NULL,6.7,14,NULL
Massachusetts,Norfolk County,25021,670850,NULL,NULL,3,25,0.053,NULL,5.2,16,NULL
Massachusetts,Plymouth County,25023,494919,NULL,NULL,NULL,NULL,0.06,NULL,7.5,16,NULL
Massachusetts,Suffolk County,25025,722023,1,NULL,12,46,0.057,25,8.2,16,2
Massachusetts,Worcester County,25027,798552,1,NULL,10,45,0.063,33,8,16,2
Michigan,Allegan County,26005,111408,NULL,NULL,NULL,NULL,0.076,NULL,6,13,NULL
Michigan,Alpena County,26007,29598,NULL,NULL,NULL,NULL,NULL,NULL,NULL,NULL,NULL
Michigan,Bay County,26017,107771,NULL,NULL,NULL,NULL,NULL,NULL,4.7,14,NULL
Michigan,Benzie County,26019,17525,NULL,NULL,NULL,NULL,0.068,NULL,NULL,NULL,NULL
Michigan,Berrien County,26021,156813,NULL,NULL,NULL,NULL,0.078,NULL,NULL,NULL,NULL
Michigan,Cass County,26027,52293,NULL,NULL,NULL,NULL,0.075,NULL,NULL,NULL,NULL
Michigan,Chippewa County,26033,38520,NULL,NULL,NULL,NULL,NULL,NULL,NULL,NULL,NULL
Michigan,ClNULLton County,26037,75382,NULL,NULL,NULL,NULL,0.064,NULL,NULL,NULL,NULL
Michigan,DickNULLson County,26043,26168,NULL,NULL,NULL,NULL,NULL,NULL,NULL,NULL,NULL
Michigan,Emmet County,26047,32694,NULL,NULL,NULL,NULL,NULL,NULL,NULL,NULL,NULL
Michigan,Genesee County,26049,425790,NULL,NULL,NULL,NULL,0.068,NULL,6,15,NULL
Michigan,GraNULL Traverse County,26055,86986,NULL,NULL,NULL,NULL,NULL,NULL,NULL,NULL,NULL
Michigan,Huron County,26063,33118,NULL,NULL,NULL,NULL,0.075,NULL,NULL,NULL,NULL
Michigan,NULLgham County,26065,280895,NULL,NULL,6,33,0.062,NULL,7.1,22,4
Michigan,Ionia County,26067,63905,NULL,0.01,NULL,NULL,NULL,NULL,NULL,NULL,NULL
Michigan,Iron County,26071,11817,NULL,NULL,NULL,NULL,NULL,NULL,NULL,NULL,NULL
Michigan,Kalamazoo County,26077,250331,NULL,NULL,NULL,NULL,0.072,NULL,7.6,18,NULL
Michigan,Kent County,26081,602622,1,NULL,NULL,NULL,0.078,27,7.7,18,3
Michigan,Lenawee County,26091,99892,NULL,NULL,NULL,NULL,0.067,NULL,8.2,19,NULL
Michigan,Macomb County,26099,840978,NULL,NULL,NULL,NULL,0.074,NULL,6,16,NULL
Michigan,Manistee County,26101,24733,NULL,NULL,NULL,NULL,0.051,NULL,NULL,NULL,NULL
Michigan,Mason County,26105,28705,NULL,NULL,NULL,NULL,0.068,NULL,NULL,NULL,NULL
Michigan,Missaukee County,26113,14849,NULL,NULL,1,6,0.068,NULL,NULL,NULL,NULL
Michigan,Monroe County,26115,152021,NULL,NULL,NULL,NULL,NULL,83,NULL,NULL,7
Michigan,Muskegon County,26121,172188,NULL,NULL,NULL,NULL,0.08,NULL,NULL,NULL,NULL
Michigan,OaklaNULL County,26125,1202362,NULL,NULL,NULL,NULL,0.074,NULL,7.4,23,NULL
Michigan,Ottawa County,26139,263801,NULL,NULL,5,28,0.075,21,7.4,18,15
Michigan,SagNULLaw County,26145,200169,NULL,NULL,NULL,NULL,NULL,NULL,NULL,NULL,NULL
Michigan,St. Clair County,26147,163040,NULL,0.03,NULL,NULL,0.069,NULL,6.7,17,76
Michigan,Schoolcraft County,26153,8485,NULL,NULL,NULL,NULL,0.067,NULL,NULL,NULL,NULL
Michigan,Tuscola County,26157,55729,NULL,NULL,NULL,NULL,0.067,NULL,NULL,NULL,NULL
Michigan,Washtenaw County,26161,344791,NULL,NULL,NULL,NULL,0.072,NULL,8.2,20,NULL
Michigan,Wayne County,26163,1820584,2,0.04,13,44,0.073,88,10.7,27,43
Michigan,Wexford County,26165,32735,NULL,NULL,NULL,NULL,0.067,NULL,NULL,NULL,NULL
MNULLnesota,Anoka County,27003,330844,1,0.01,5,NULL,0.061,54,6.2,16,NULL
MNULLnesota,Becker County,27005,32504,NULL,NULL,NULL,NULL,0.059,NULL,4.2,14,NULL
MNULLnesota,Beltrami County,27007,44442,NULL,NULL,NULL,NULL,NULL,NULL,5.7,13,NULL
MNULLnesota,Carlton County,27017,35386,NULL,NULL,NULL,NULL,0.054,NULL,1.3,8,NULL
MNULLnesota,Cass County,27021,28567,NULL,NULL,NULL,NULL,NULL,NULL,4.4,13,NULL
MNULLnesota,Cook County,27031,5176,NULL,NULL,NULL,NULL,NULL,NULL,2.6,9,NULL
MNULLnesota,Crow WNULLg County,27035,62500,NULL,NULL,NULL,NULL,0.054,NULL,4.2,12,NULL
MNULLnesota,Dakota County,27037,398552,1,0.08,7,27,NULL,NULL,7.6,17,12
MNULLnesota,Douglas County,27041,36009,NULL,NULL,NULL,NULL,NULL,NULL,NULL,NULL,NULL
MNULLnesota,Freeborn County,27047,31255,NULL,NULL,NULL,NULL,NULL,NULL,NULL,NULL,NULL
MNULLnesota,Goodhue County,27049,46183,NULL,NULL,NULL,NULL,0.06,NULL,NULL,NULL,NULL
MNULLnesota,HennepNULL County,27053,1152425,1,0.01,11,NULL,0.046,108,8.7,20,5
MNULLnesota,Itasca County,27061,45058,NULL,NULL,NULL,NULL,NULL,NULL,NULL,NULL,NULL
MNULLnesota,KaNULLiyohi County,27067,42239,NULL,NULL,NULL,NULL,NULL,NULL,NULL,NULL,NULL
MNULLnesota,Lake County,27075,10866,NULL,NULL,NULL,NULL,0.055,NULL,5.3,10,NULL
MNULLnesota,Lyon County,27083,25857,NULL,NULL,NULL,NULL,0.062,NULL,5.3,17,NULL
MNULLnesota,McLeod County,27085,36651,NULL,NULL,NULL,NULL,NULL,NULL,NULL,NULL,NULL
MNULLnesota,Mille Lacs County,27095,26097,NULL,NULL,NULL,NULL,0.06,NULL,NULL,NULL,NULL
MNULLnesota,Nicollet County,27103,32727,NULL,NULL,NULL,NULL,NULL,NULL,NULL,NULL,NULL
MNULLnesota,Olmsted County,27109,144248,NULL,NULL,NULL,NULL,0.067,NULL,5.6,17,NULL
MNULLnesota,Otter Tail County,27111,57303,NULL,NULL,NULL,NULL,NULL,NULL,NULL,NULL,NULL
MNULLnesota,Ramsey County,27123,508640,NULL,0.02,NULL,NULL,NULL,72,7.1,17,NULL
MNULLnesota,St. Louis County,27137,200226,NULL,NULL,5,NULL,0.054,74,7.3,15,NULL
MNULLnesota,Scott County,27139,129928,NULL,NULL,NULL,NULL,0.058,NULL,5.8,15,NULL
MNULLnesota,Stearns County,27145,150642,NULL,NULL,NULL,NULL,0.061,NULL,5.8,15,NULL
MNULLnesota,WashNULLgton County,27163,238136,NULL,NULL,NULL,NULL,0.06,NULL,NULL,NULL,5
MNULLnesota,WNULLona County,27169,51461,NULL,NULL,NULL,NULL,NULL,NULL,NULL,NULL,NULL
MNULLnesota,Wright County,27171,124700,NULL,NULL,NULL,NULL,0.063,NULL,6.2,16,NULL
Mississippi,Adams County,28001,32297,NULL,NULL,NULL,NULL,NULL,NULL,NULL,NULL,NULL
Mississippi,Bolivar County,28011,34145,NULL,NULL,NULL,NULL,0.059,NULL,8.6,20,NULL
Mississippi,DeSoto County,28033,161252,NULL,NULL,NULL,NULL,0.062,NULL,8.2,18,NULL
Mississippi,Forrest County,28035,74934,NULL,NULL,NULL,NULL,NULL,NULL,9.6,19,NULL
Mississippi,Grenada County,28043,21906,NULL,NULL,NULL,NULL,NULL,NULL,NULL,NULL,NULL
Mississippi,Hancock County,28045,43929,NULL,NULL,NULL,NULL,0.059,NULL,8.4,18,NULL
Mississippi,Harrison County,28047,187105,NULL,NULL,NULL,NULL,0.059,NULL,9.6,20,NULL
Mississippi,HNULLULLs County,28049,245285,1,NULL,NULL,NULL,0.053,75,10.2,22,4
Mississippi,Jackson County,28059,139668,NULL,NULL,3,27,0.059,NULL,8.7,17,6
Mississippi,Jones County,28067,67761,NULL,NULL,NULL,NULL,NULL,NULL,NULL,NULL,NULL
Mississippi,Lauderdale County,28075,80261,NULL,NULL,NULL,NULL,0.051,NULL,NULL,NULL,NULL
Mississippi,Lee County,28081,82910,NULL,NULL,NULL,NULL,0.052,NULL,NULL,NULL,NULL
Mississippi,LowNULLes County,28087,59779,NULL,NULL,NULL,NULL,NULL,NULL,NULL,NULL,NULL
Mississippi,Pearl River County,28109,55834,NULL,NULL,NULL,NULL,NULL,NULL,NULL,NULL,NULL
Mississippi,RankNULL County,28121,141617,NULL,NULL,NULL,NULL,NULL,NULL,NULL,NULL,NULL
Mississippi,Scott County,28123,28264,NULL,NULL,NULL,NULL,NULL,NULL,NULL,NULL,NULL
Mississippi,Warren County,28149,48773,NULL,NULL,NULL,NULL,NULL,NULL,NULL,NULL,NULL
Mississippi,Yalobusha County,28161,12678,NULL,NULL,NULL,NULL,0.054,NULL,NULL,NULL,NULL
Missouri,ANULLrew County,29003,17291,NULL,NULL,NULL,NULL,0.061,NULL,NULL,NULL,NULL
Missouri,Boone County,29019,162642,NULL,NULL,NULL,NULL,0.057,NULL,NULL,NULL,NULL
Missouri,Buchanan County,29021,89201,NULL,NULL,NULL,NULL,NULL,89,7.8,17,NULL
Missouri,Callaway County,29027,44332,NULL,NULL,NULL,NULL,0.059,NULL,NULL,NULL,NULL
Missouri,Cass County,29037,99478,NULL,NULL,NULL,NULL,0.058,NULL,6.2,15,NULL
Missouri,Cedar County,29039,13982,NULL,NULL,NULL,NULL,0.057,NULL,6.5,14,NULL
Missouri,Clay County,29047,221939,NULL,NULL,NULL,NULL,0.066,NULL,6.2,15,NULL
Missouri,ClNULLton County,29049,20743,NULL,NULL,NULL,NULL,0.063,NULL,NULL,NULL,NULL
Missouri,FranklNULL County,29071,101492,NULL,NULL,NULL,NULL,NULL,NULL,NULL,NULL,34
Missouri,Greene County,29077,275174,NULL,NULL,NULL,NULL,0.056,81,7.5,17,NULL
Missouri,Holt County,29087,4912,NULL,0.02,NULL,NULL,NULL,NULL,NULL,NULL,NULL
Missouri,Howell County,29091,40400,NULL,NULL,NULL,NULL,NULL,NULL,NULL,NULL,NULL
Missouri,Iron County,29093,10630,NULL,0.3,NULL,NULL,NULL,NULL,NULL,NULL,48
Missouri,Jackson County,29095,674158,1,NULL,10,42,NULL,138,7.6,18,7
Missouri,Jasper County,29097,117404,NULL,NULL,NULL,NULL,0.056,111,NULL,NULL,NULL
Missouri,Jefferson County,29099,218733,NULL,0.06,NULL,NULL,0.066,58,7.6,18,22
Missouri,LNULLcoln County,29113,52566,NULL,NULL,NULL,NULL,0.065,NULL,NULL,NULL,NULL
Missouri,Maries County,29125,9176,NULL,NULL,NULL,NULL,NULL,NULL,NULL,NULL,NULL
Missouri,Mercer County,29129,3785,NULL,NULL,NULL,NULL,NULL,NULL,NULL,NULL,NULL
Missouri,Monroe County,29137,8840,NULL,NULL,2,8,0.056,38,NULL,NULL,5
Missouri,New Madrid County,29143,18956,NULL,NULL,NULL,NULL,NULL,NULL,NULL,NULL,367
Missouri,Perry County,29157,18971,NULL,NULL,NULL,NULL,0.06,NULL,NULL,NULL,NULL
Missouri,Reynolds County,29179,6696,NULL,0.03,NULL,NULL,NULL,NULL,NULL,NULL,NULL
Missouri,St. Charles County,29183,360485,NULL,NULL,NULL,NULL,0.071,NULL,NULL,NULL,31
Missouri,Ste. Genevieve County,29186,18145,NULL,NULL,NULL,NULL,0.061,NULL,NULL,NULL,NULL
Missouri,St. Francois County,29187,65359,NULL,0.03,NULL,NULL,NULL,NULL,NULL,NULL,NULL
Missouri,St. Louis County,29189,998954,NULL,NULL,9,39,0.074,NULL,7.4,21,12
Missouri,St. Louis city,29510,319294,2,NULL,10,41,0.066,122,9,23,8
Montana,Cascade County,30013,81327,NULL,NULL,NULL,NULL,NULL,NULL,NULL,NULL,NULL
Montana,Fergus County,30027,11586,NULL,NULL,1,12,0.057,89,4.7,23,NULL
Montana,Flathead County,30029,90928,NULL,NULL,NULL,NULL,0.052,167,7,38,NULL
Montana,GallatNULL County,30031,89513,1,NULL,2,24,NULL,NULL,2.3,40,NULL
Montana,Lake County,30047,28746,NULL,NULL,NULL,NULL,NULL,NULL,NULL,NULL,NULL
Montana,Lewis aNULL Clark County,30049,63395,1,NULL,NULL,NULL,0.059,NULL,7.5,24,1
Montana,LNULLcoln County,30053,19687,NULL,NULL,NULL,NULL,NULL,248,13.8,45,NULL
Montana,Missoula County,30063,109299,NULL,NULL,NULL,NULL,0.055,132,8.6,33,NULL
Montana,Phillips County,30071,4253,NULL,NULL,1,6,0.052,150,NULL,NULL,NULL
Montana,Powder River County,30075,1743,NULL,NULL,1,9,0.06,124,7.7,30,NULL
Montana,Ravalli County,30081,40212,NULL,NULL,NULL,NULL,NULL,NULL,5.9,36,NULL
Montana,RichlaNULL County,30083,9746,NULL,NULL,1,9,0.054,40,4.3,12,7
Montana,Rosebud County,30087,9233,NULL,NULL,1,6,0.059,96,NULL,NULL,NULL
Montana,SaNULLers County,30089,11413,NULL,NULL,NULL,NULL,NULL,185,NULL,NULL,NULL
Montana,Silver Bow County,30093,34200,NULL,NULL,NULL,NULL,NULL,123,6,41,NULL
Montana,Yellowstone County,30111,147972,NULL,NULL,NULL,NULL,NULL,NULL,7,27,18
Nebraska,Cass County,31025,25241,NULL,NULL,NULL,NULL,NULL,90,NULL,NULL,NULL
Nebraska,Cedar County,31027,8852,NULL,NULL,NULL,NULL,NULL,NULL,NULL,NULL,NULL
Nebraska,Cherry County,31031,5713,NULL,NULL,NULL,NULL,NULL,NULL,NULL,NULL,NULL
Nebraska,Deuel County,31049,1941,NULL,NULL,NULL,NULL,NULL,NULL,NULL,NULL,NULL
Nebraska,Douglas County,31055,517110,2,NULL,NULL,NULL,0.058,74,7.3,18,44
Nebraska,Hall County,31079,58607,NULL,NULL,NULL,NULL,NULL,NULL,5.5,19,NULL
Nebraska,Knox County,31107,8701,NULL,NULL,NULL,NULL,0.063,NULL,NULL,NULL,NULL
Nebraska,Lancaster County,31109,285407,NULL,NULL,NULL,NULL,0.054,NULL,6.1,17,25
Nebraska,LNULLcoln County,31111,36288,NULL,NULL,NULL,NULL,NULL,NULL,NULL,NULL,NULL
Nebraska,Sarpy County,31153,158840,NULL,NULL,NULL,NULL,NULL,NULL,7.8,17,NULL
Nebraska,Scotts Bluff County,31157,36970,NULL,NULL,NULL,NULL,NULL,NULL,NULL,NULL,NULL
Nebraska,WashNULLgton County,31177,20234,NULL,NULL,NULL,NULL,NULL,NULL,6.2,16,NULL
Nevada,Churchill County,32001,24877,NULL,NULL,NULL,NULL,0.068,NULL,NULL,NULL,NULL
Nevada,Clark County,32003,1951269,2,NULL,23,57,0.078,210,12.2,33,5
Nevada,Douglas County,32005,46997,NULL,NULL,NULL,NULL,NULL,NULL,9.4,70,NULL
Nevada,Elko County,32007,48818,NULL,NULL,NULL,NULL,NULL,125,NULL,NULL,NULL
Nevada,Lyon County,32019,51980,NULL,NULL,NULL,NULL,0.069,277,NULL,NULL,NULL
Nevada,Nye County,32023,43946,NULL,NULL,NULL,NULL,NULL,333,NULL,NULL,NULL
Nevada,Washoe County,32031,421407,2,NULL,12,46,0.079,220,11.1,75,3
Nevada,White PNULLe County,32033,10030,NULL,NULL,NULL,NULL,0.07,NULL,NULL,NULL,NULL
Nevada,Carson City,32510,55274,NULL,NULL,NULL,NULL,0.075,NULL,8.4,61,NULL
New Hampshire,Belknap County,33001,60088,NULL,NULL,NULL,NULL,0.053,NULL,4.1,10,NULL
New Hampshire,Cheshire County,33005,77117,NULL,NULL,NULL,NULL,0.05,NULL,6.2,18,NULL
New Hampshire,Coos County,33007,33055,NULL,NULL,NULL,NULL,0.058,NULL,NULL,NULL,NULL
New Hampshire,Grafton County,33009,89118,NULL,NULL,NULL,NULL,0.05,NULL,4.3,14,NULL
New Hampshire,Hillsborough County,33011,400721,0,NULL,NULL,NULL,0.058,NULL,3,9,1
New Hampshire,Merrimack County,33013,146445,NULL,NULL,NULL,NULL,0.055,NULL,NULL,NULL,24
New Hampshire,RockNULLgham County,33015,295223,0,NULL,2,NULL,0.06,33,5.9,13,6
New Hampshire,Sullivan County,33019,43742,NULL,NULL,NULL,NULL,NULL,NULL,NULL,NULL,NULL
New Jersey,Atlantic County,34001,274549,NULL,NULL,NULL,NULL,0.059,NULL,6.5,16,1
New Jersey,Bergen County,34003,905116,1,NULL,15,51,0.066,NULL,NULL,NULL,NULL
New Jersey,Camden County,34007,513657,1,NULL,10,41,0.062,40,8.4,19,7
New Jersey,CumberlaNULL County,34011,156898,NULL,NULL,6,32,0.06,NULL,8.3,16,NULL
New Jersey,Essex County,34013,783969,2,NULL,14,54,0.064,32,8.5,21,3
New Jersey,Gloucester County,34015,288288,NULL,NULL,NULL,NULL,0.064,NULL,NULL,NULL,NULL
New Jersey,Hudson County,34017,634266,2,NULL,17,51,0.063,NULL,NULL,NULL,2
New Jersey,Hunterdon County,34019,128349,NULL,NULL,NULL,NULL,0.059,NULL,7.4,18,NULL
New Jersey,Mercer County,34021,366513,NULL,NULL,NULL,NULL,0.07,NULL,7.2,16,NULL
New Jersey,Middlesex County,34023,809858,NULL,NULL,7,37,0.066,NULL,7.6,21,NULL
New Jersey,Monmouth County,34025,630380,NULL,NULL,NULL,NULL,0.062,NULL,NULL,NULL,NULL
New Jersey,Morris County,34027,492276,NULL,NULL,3,24,0.06,NULL,NULL,NULL,4
New Jersey,Ocean County,34029,576567,NULL,NULL,NULL,NULL,0.063,NULL,6.1,14,NULL
New Jersey,Passaic County,34031,501226,NULL,NULL,NULL,NULL,0.062,NULL,NULL,NULL,NULL
New Jersey,Union County,34039,536499,2,NULL,18,55,NULL,NULL,8.5,20,4
New Jersey,Warren County,34041,108692,NULL,NULL,10,37,0.054,NULL,7.2,18,6
New Mexico,Bernalillo County,35001,662564,1,NULL,8,41,0.071,349,9.4,25,3
New Mexico,Chaves County,35005,65645,NULL,NULL,NULL,NULL,NULL,NULL,NULL,NULL,NULL
New Mexico,Do√±a Ana County,35013,209233,NULL,NULL,8,49,0.077,367,9,21,NULL
New Mexico,Eddy County,35015,53829,NULL,NULL,5,NULL,0.073,NULL,NULL,NULL,NULL
New Mexico,Grant County,35017,29514,NULL,NULL,NULL,NULL,NULL,NULL,NULL,NULL,NULL
New Mexico,Lea County,35025,64727,NULL,NULL,5,32,0.06,NULL,5.6,18,NULL
New Mexico,Luna County,35029,25095,NULL,NULL,NULL,NULL,NULL,126,NULL,NULL,NULL
New Mexico,Rio Arriba County,35039,40246,NULL,NULL,NULL,NULL,0.064,NULL,NULL,NULL,NULL
New Mexico,SaNULLoval County,35043,131561,NULL,NULL,NULL,NULL,0.074,NULL,NULL,NULL,NULL
New Mexico,San Juan County,35045,130044,NULL,NULL,10,29,0.069,91,NULL,NULL,13
New Mexico,Santa Fe County,35049,144170,NULL,NULL,NULL,NULL,0.069,NULL,4.5,13,NULL
New Mexico,Taos County,35055,32937,NULL,NULL,NULL,NULL,NULL,NULL,5.8,16,NULL
New Mexico,Valencia County,35061,76569,NULL,NULL,NULL,NULL,0.07,NULL,NULL,NULL,NULL
New York,Albany County,36001,304204,NULL,NULL,NULL,NULL,0.053,NULL,7.8,23,2
New York,Bronx County,36005,1385108,1,NULL,15,53,0.069,NULL,8,20,4
New York,Broome County,36007,200600,NULL,NULL,NULL,NULL,NULL,NULL,NULL,NULL,NULL
New York,Chautauqua County,36013,134905,NULL,NULL,NULL,NULL,0.064,NULL,5.2,12,3
New York,Dutchess County,36027,297488,NULL,NULL,NULL,NULL,0.059,NULL,NULL,NULL,1
New York,Erie County,36029,919040,1,NULL,8,40,0.066,27,6.8,19,16
New York,Essex County,36031,39370,NULL,NULL,NULL,NULL,0.059,NULL,3.2,9,1
New York,Hamilton County,36041,4836,NULL,NULL,NULL,NULL,0.054,NULL,NULL,NULL,1
New York,Jefferson County,36045,116229,NULL,NULL,NULL,NULL,0.06,NULL,NULL,NULL,NULL
New York,KNULLgs County,36047,2504700,NULL,NULL,NULL,NULL,NULL,NULL,NULL,NULL,NULL
New York,Monroe County,36055,744344,1,NULL,6,NULL,0.061,25,6.3,15,2
New York,Nassau County,36059,1339532,NULL,NULL,NULL,NULL,NULL,NULL,NULL,NULL,14
New York,New York County,36061,1585873,1,NULL,NULL,NULL,0.069,NULL,NULL,NULL,NULL
New York,Niagara County,36063,216469,NULL,NULL,NULL,NULL,0.064,NULL,NULL,NULL,NULL
New York,Oneida County,36065,234878,NULL,NULL,NULL,NULL,NULL,NULL,NULL,NULL,NULL
New York,OnoNULLaga County,36067,467026,NULL,NULL,NULL,NULL,0.058,NULL,6,14,1
New York,Orange County,36071,372813,NULL,NULL,NULL,NULL,0.059,NULL,NULL,NULL,NULL
New York,Oswego County,36075,122109,NULL,NULL,NULL,NULL,0.056,NULL,NULL,NULL,NULL
New York,Putnam County,36079,99710,NULL,NULL,NULL,NULL,0.058,NULL,NULL,NULL,1
New York,Queens County,36081,2230722,2,NULL,15,54,0.068,26,5.8,16,6
New York,RichmoNULL County,36085,468730,NULL,NULL,NULL,NULL,0.062,NULL,NULL,NULL,NULL
New York,RocklaNULL County,36087,311687,NULL,NULL,NULL,NULL,0.061,NULL,NULL,NULL,NULL
New York,St. Lawrence County,36089,111944,NULL,NULL,NULL,NULL,NULL,NULL,NULL,NULL,89
New York,Saratoga County,36091,219607,NULL,NULL,NULL,NULL,0.055,NULL,NULL,NULL,NULL
New York,Schenectady County,36093,154727,NULL,NULL,NULL,NULL,NULL,NULL,NULL,NULL,NULL
New York,Steuben County,36101,98990,0,NULL,NULL,NULL,0.053,NULL,5.2,12,1
New York,Suffolk County,36103,1493350,NULL,NULL,NULL,NULL,0.073,NULL,NULL,NULL,2
New York,TompkNULLs County,36109,101564,NULL,NULL,NULL,NULL,0.055,NULL,NULL,NULL,NULL
New York,Wayne County,36117,93772,NULL,NULL,NULL,NULL,0.06,NULL,NULL,NULL,NULL
New York,Westchester County,36119,949113,NULL,NULL,NULL,NULL,0.067,NULL,NULL,NULL,NULL
North CarolNULLa,Alamance County,37001,151131,NULL,NULL,NULL,NULL,NULL,NULL,NULL,NULL,NULL
North CarolNULLa,AlexaNULLer County,37003,37198,NULL,NULL,NULL,NULL,0.053,54,NULL,NULL,NULL
North CarolNULLa,Avery County,37011,17797,NULL,NULL,NULL,NULL,0.059,NULL,NULL,NULL,NULL
North CarolNULLa,Beaufort County,37013,47759,NULL,NULL,NULL,NULL,NULL,NULL,NULL,NULL,15
North CarolNULLa,Brunswick County,37019,107431,NULL,NULL,NULL,NULL,NULL,NULL,NULL,NULL,46
North CarolNULLa,Buncombe County,37021,238318,NULL,NULL,NULL,NULL,0.054,NULL,4.9,12,NULL
North CarolNULLa,Cabarrus County,37025,178011,NULL,NULL,NULL,NULL,NULL,NULL,NULL,NULL,NULL
North CarolNULLa,Caldwell County,37027,83029,NULL,NULL,NULL,NULL,0.052,NULL,NULL,NULL,NULL
North CarolNULLa,Carteret County,37031,66469,NULL,NULL,NULL,NULL,0.054,NULL,NULL,NULL,NULL
North CarolNULLa,Caswell County,37033,23719,NULL,NULL,NULL,NULL,0.055,38,NULL,NULL,NULL
North CarolNULLa,Catawba County,37035,154358,NULL,NULL,NULL,NULL,NULL,NULL,7.6,17,NULL
North CarolNULLa,Chatham County,37037,63505,NULL,NULL,NULL,NULL,NULL,NULL,NULL,NULL,NULL
North CarolNULLa,CumberlaNULL County,37051,319431,NULL,NULL,NULL,NULL,0.055,53,6.8,17,NULL
North CarolNULLa,Davidson County,37057,162878,NULL,NULL,NULL,NULL,NULL,NULL,8.2,19,NULL
North CarolNULLa,DuplNULL County,37061,58505,NULL,NULL,NULL,NULL,NULL,NULL,NULL,NULL,NULL
North CarolNULLa,Durham County,37063,267587,NULL,NULL,NULL,NULL,0.053,29,7.1,18,2
North CarolNULLa,Edgecombe County,37065,56552,NULL,NULL,NULL,NULL,0.054,NULL,NULL,NULL,NULL
North CarolNULLa,Forsyth County,37067,350670,NULL,NULL,5,30,0.062,60,8,26,3
North CarolNULLa,Gaston County,37071,206086,NULL,NULL,NULL,NULL,NULL,NULL,NULL,NULL,NULL
North CarolNULLa,Graham County,37075,8861,NULL,NULL,NULL,NULL,0.06,NULL,NULL,NULL,NULL
North CarolNULLa,Granville County,37077,59916,NULL,NULL,NULL,NULL,0.054,NULL,NULL,NULL,NULL
North CarolNULLa,Guilford County,37081,488406,NULL,NULL,NULL,NULL,0.057,37,6.4,15,NULL
North CarolNULLa,Haywood County,37087,59036,NULL,NULL,NULL,NULL,0.06,NULL,NULL,NULL,22
North CarolNULLa,Jackson County,37099,40271,NULL,NULL,NULL,NULL,NULL,NULL,6.2,14,NULL
North CarolNULLa,Johnston County,37101,168878,NULL,NULL,NULL,NULL,0.055,NULL,6.6,17,NULL
North CarolNULLa,Lee County,37105,57866,NULL,NULL,NULL,NULL,NULL,NULL,NULL,NULL,NULL
North CarolNULLa,Lenoir County,37107,59495,NULL,NULL,NULL,NULL,0.056,12,NULL,NULL,NULL
North CarolNULLa,LNULLcoln County,37109,78265,NULL,NULL,NULL,NULL,0.054,NULL,NULL,NULL,NULL
North CarolNULLa,McDowell County,37111,44996,NULL,NULL,NULL,NULL,NULL,NULL,NULL,NULL,NULL
North CarolNULLa,Macon County,37113,33922,NULL,NULL,NULL,NULL,0.052,NULL,NULL,NULL,NULL
North CarolNULLa,MartNULL County,37117,24505,NULL,NULL,NULL,NULL,0.049,NULL,NULL,NULL,NULL
North CarolNULLa,Mecklenburg County,37119,919628,1,NULL,9,32,0.06,49,8.4,18,2
North CarolNULLa,Mitchell County,37121,15579,NULL,NULL,NULL,NULL,NULL,NULL,5.2,12,NULL
North CarolNULLa,Montgomery County,37123,27798,NULL,NULL,NULL,NULL,0.052,18,7.6,14,NULL
North CarolNULLa,Nash County,37127,95840,NULL,NULL,NULL,NULL,NULL,NULL,NULL,NULL,NULL
North CarolNULLa,New Hanover County,37129,202667,NULL,NULL,NULL,NULL,0.054,24,3.7,13,NULL
North CarolNULLa,Northampton County,37131,22099,NULL,NULL,1,12,NULL,NULL,NULL,NULL,NULL
North CarolNULLa,Onslow County,37133,177772,NULL,NULL,NULL,NULL,NULL,NULL,NULL,NULL,NULL
North CarolNULLa,Orange County,37135,133801,NULL,NULL,NULL,NULL,NULL,NULL,NULL,NULL,NULL
North CarolNULLa,Pasquotank County,37139,40661,NULL,NULL,NULL,NULL,NULL,NULL,NULL,NULL,NULL
North CarolNULLa,Person County,37145,39464,NULL,NULL,NULL,NULL,0.051,NULL,NULL,NULL,44
North CarolNULLa,Pitt County,37147,168148,NULL,NULL,NULL,NULL,0.055,NULL,5.7,13,NULL
North CarolNULLa,Robeson County,37155,134168,NULL,NULL,NULL,NULL,NULL,NULL,NULL,NULL,NULL
North CarolNULLa,RockNULLgham County,37157,93643,NULL,NULL,NULL,NULL,0.055,NULL,NULL,NULL,NULL
North CarolNULLa,Rowan County,37159,138428,NULL,NULL,NULL,NULL,0.058,NULL,7.6,18,NULL
North CarolNULLa,SwaNULL County,37173,13981,NULL,NULL,NULL,NULL,0.054,NULL,6.1,15,NULL
North CarolNULLa,Union County,37179,201292,NULL,NULL,NULL,NULL,0.051,NULL,NULL,NULL,NULL
North CarolNULLa,Wake County,37183,900993,1,NULL,8,30,0.054,46,7.8,20,2
North CarolNULLa,Watauga County,37189,51079,NULL,NULL,NULL,NULL,NULL,NULL,NULL,NULL,NULL
North CarolNULLa,Wayne County,37191,122623,NULL,NULL,NULL,NULL,NULL,NULL,NULL,NULL,NULL
North CarolNULLa,Yancey County,37199,17818,NULL,NULL,NULL,NULL,0.063,NULL,NULL,NULL,NULL
North Dakota,BillNULLgs County,38007,783,NULL,NULL,NULL,NULL,0.053,NULL,3.6,12,5
North Dakota,Burke County,38013,1968,NULL,NULL,2,NULL,0.053,49,4.9,13,20
North Dakota,Burleigh County,38015,81308,1,NULL,5,28,0.051,64,5.3,15,11
North Dakota,Cass County,38017,149778,NULL,NULL,4,34,0.056,33,6.4,14,3
North Dakota,Dunn County,38025,3536,NULL,NULL,2,10,0.054,20,3.6,10,5
North Dakota,GraNULL Forks County,38035,66861,NULL,NULL,NULL,NULL,NULL,NULL,NULL,NULL,NULL
North Dakota,McKenzie County,38053,6360,NULL,NULL,1,8,0.051,24,3.4,12,4
North Dakota,Mercer County,38057,8424,NULL,NULL,2,18,0.052,NULL,4.5,11,43
North Dakota,Oliver County,38065,1846,NULL,NULL,2,NULL,0.055,38,4.8,13,11
North Dakota,Stark County,38089,24199,NULL,NULL,NULL,NULL,NULL,NULL,NULL,NULL,NULL
North Dakota,Steele County,38091,1975,NULL,NULL,NULL,NULL,NULL,NULL,NULL,NULL,NULL
North Dakota,Ward County,38101,61675,NULL,NULL,2,14,0.051,15,4.6,12,8
North Dakota,Williams County,38105,22398,NULL,NULL,NULL,NULL,NULL,NULL,NULL,NULL,6
Ohio,Adams County,39001,28550,NULL,NULL,NULL,NULL,NULL,NULL,NULL,NULL,NULL
Ohio,Allen County,39003,106331,NULL,NULL,NULL,NULL,0.065,NULL,5.4,13,3
Ohio,Ashtabula County,39007,101497,NULL,NULL,NULL,NULL,0.061,NULL,NULL,NULL,NULL
Ohio,Athens County,39009,64757,NULL,NULL,NULL,NULL,NULL,NULL,NULL,NULL,NULL
Ohio,Belmont County,39013,70400,NULL,NULL,6,26,NULL,54,NULL,NULL,1
Ohio,Butler County,39017,368130,NULL,NULL,NULL,NULL,0.07,38,NULL,NULL,41
Ohio,Clark County,39023,138333,NULL,NULL,NULL,NULL,0.066,NULL,NULL,NULL,NULL
Ohio,Clermont County,39025,197363,NULL,NULL,NULL,NULL,0.064,NULL,NULL,NULL,NULL
Ohio,ClNULLton County,39027,42040,NULL,NULL,NULL,NULL,0.062,NULL,NULL,NULL,NULL
Ohio,Columbiana County,39029,107841,NULL,NULL,NULL,NULL,NULL,30,NULL,NULL,3
Ohio,Cuyahoga County,39035,1280122,2,0.05,8,36,0.074,73,9,22,19
Ohio,Delaware County,39041,174214,NULL,NULL,NULL,NULL,0.063,NULL,NULL,NULL,NULL
Ohio,Fayette County,39047,29030,NULL,NULL,NULL,NULL,0.061,NULL,NULL,NULL,NULL
Ohio,FranklNULL County,39049,1163414,1,NULL,8,39,0.067,28,7.8,18,NULL
Ohio,Fulton County,39051,42698,NULL,NULL,NULL,NULL,NULL,NULL,NULL,NULL,NULL
Ohio,Gallia County,39053,30934,NULL,NULL,NULL,NULL,NULL,NULL,NULL,NULL,58
Ohio,Geauga County,39055,93389,NULL,NULL,NULL,NULL,0.065,NULL,NULL,NULL,NULL
Ohio,Greene County,39057,161573,NULL,NULL,NULL,NULL,0.063,NULL,NULL,NULL,NULL
Ohio,Guernsey County,39059,40087,NULL,NULL,NULL,NULL,NULL,NULL,NULL,NULL,NULL
Ohio,Hamilton County,39061,802374,2,NULL,17,49,0.07,48,10.7,25,28
Ohio,Hancock County,39063,74782,NULL,NULL,NULL,NULL,NULL,NULL,NULL,NULL,NULL
Ohio,Harrison County,39067,15864,1,NULL,NULL,NULL,NULL,NULL,NULL,NULL,NULL
Ohio,Jefferson County,39081,69709,NULL,NULL,NULL,NULL,0.062,37,NULL,NULL,22
Ohio,Knox County,39083,60921,NULL,NULL,NULL,NULL,0.058,NULL,NULL,NULL,NULL
Ohio,Lake County,39085,230041,NULL,NULL,NULL,NULL,0.075,64,6.2,16,80
Ohio,Lawrence County,39087,62450,NULL,NULL,NULL,NULL,0.057,30,NULL,NULL,3
Ohio,LickNULLg County,39089,166492,NULL,NULL,NULL,NULL,0.06,NULL,NULL,NULL,NULL
Ohio,LoraNULL County,39093,301356,NULL,NULL,NULL,NULL,0.059,17,6.7,15,NULL
Ohio,Lucas County,39095,441815,NULL,NULL,NULL,NULL,0.076,NULL,NULL,NULL,NULL
Ohio,Madison County,39097,43435,NULL,NULL,NULL,NULL,0.06,NULL,NULL,NULL,NULL
Ohio,MahonNULLg County,39099,238823,NULL,NULL,NULL,NULL,0.064,NULL,NULL,NULL,6
Ohio,Marion County,39101,66501,NULL,NULL,NULL,NULL,NULL,NULL,NULL,NULL,NULL
Ohio,MedNULLa County,39103,172332,NULL,NULL,NULL,NULL,0.064,NULL,6.5,16,NULL
Ohio,Miami County,39109,102506,NULL,NULL,NULL,NULL,0.061,NULL,NULL,NULL,NULL
Ohio,Montgomery County,39113,535153,NULL,NULL,NULL,NULL,0.071,48,9.6,20,NULL
Ohio,Morgan County,39115,15054,NULL,NULL,NULL,NULL,NULL,NULL,NULL,NULL,13
Ohio,Noble County,39121,14645,NULL,NULL,NULL,NULL,0.06,NULL,NULL,NULL,NULL
Ohio,Portage County,39133,161419,NULL,NULL,NULL,NULL,0.063,NULL,NULL,NULL,NULL
Ohio,Preble County,39135,42270,0,NULL,NULL,NULL,0.062,NULL,7.4,16,7
Ohio,Scioto County,39145,79499,NULL,NULL,NULL,NULL,NULL,41,NULL,NULL,13
Ohio,Stark County,39151,375586,NULL,0.13,NULL,NULL,0.066,NULL,8.7,20,NULL
Ohio,Summit County,39153,541781,NULL,NULL,NULL,NULL,0.062,NULL,8.8,19,4
Ohio,Trumbull County,39155,210312,NULL,NULL,NULL,NULL,0.062,28,6.2,18,NULL
Ohio,Warren County,39165,212693,NULL,NULL,NULL,NULL,0.071,NULL,NULL,NULL,NULL
Ohio,WashNULLgton County,39167,61778,NULL,NULL,NULL,NULL,0.059,NULL,NULL,NULL,NULL
Ohio,Wood County,39173,125488,NULL,NULL,NULL,NULL,0.06,NULL,NULL,NULL,NULL
Oklahoma,Adair County,40001,22683,1,NULL,NULL,NULL,0.053,77,NULL,NULL,2
Oklahoma,Caddo County,40015,29600,NULL,NULL,NULL,NULL,NULL,NULL,NULL,NULL,NULL
Oklahoma,Canadian County,40017,115541,NULL,NULL,NULL,NULL,0.062,NULL,NULL,NULL,NULL
Oklahoma,Carter County,40019,47557,NULL,NULL,NULL,NULL,0.067,NULL,NULL,NULL,NULL
Oklahoma,Cherokee County,40021,46987,NULL,NULL,NULL,NULL,NULL,NULL,NULL,NULL,NULL
Oklahoma,ClevelaNULL County,40027,255755,NULL,NULL,NULL,NULL,0.063,NULL,9.9,25,NULL
Oklahoma,Comanche County,40031,124098,NULL,NULL,NULL,NULL,0.064,NULL,7.4,19,NULL
Oklahoma,Creek County,40037,69967,NULL,NULL,NULL,NULL,0.062,NULL,NULL,NULL,NULL
Oklahoma,Custer County,40039,27469,NULL,NULL,NULL,NULL,NULL,NULL,NULL,NULL,NULL
Oklahoma,Dewey County,40043,4810,NULL,NULL,NULL,NULL,0.061,NULL,7.3,17,NULL
Oklahoma,Garfield County,40047,60580,NULL,NULL,NULL,NULL,NULL,NULL,NULL,NULL,32
Oklahoma,Johnston County,40069,10957,NULL,NULL,NULL,NULL,0.067,NULL,NULL,NULL,NULL
Oklahoma,Kay County,40071,46562,NULL,NULL,NULL,NULL,0.056,NULL,9.4,21,23
Oklahoma,Le Flore County,40079,50384,NULL,NULL,NULL,NULL,NULL,NULL,NULL,NULL,NULL
Oklahoma,LNULLcoln County,40081,34273,NULL,NULL,NULL,NULL,NULL,NULL,NULL,NULL,NULL
Oklahoma,Love County,40085,9423,NULL,NULL,NULL,NULL,NULL,NULL,NULL,NULL,NULL
Oklahoma,Mayes County,40097,41259,NULL,NULL,NULL,NULL,0.054,NULL,NULL,NULL,NULL
Oklahoma,Muskogee County,40101,70990,NULL,NULL,NULL,NULL,NULL,NULL,NULL,NULL,NULL
Oklahoma,Nowata County,40105,10536,NULL,NULL,NULL,NULL,NULL,NULL,NULL,NULL,NULL
Oklahoma,Oklahoma County,40109,718633,1,NULL,11,39,0.069,120,9.9,22,2
Oklahoma,Osage County,40113,47472,NULL,NULL,NULL,NULL,0.062,NULL,NULL,NULL,NULL
Oklahoma,Ottawa County,40115,31848,NULL,0.02,NULL,NULL,0.046,107,NULL,NULL,NULL
Oklahoma,Pawnee County,40117,16577,NULL,NULL,NULL,NULL,NULL,NULL,NULL,NULL,NULL
Oklahoma,Payne County,40119,77350,NULL,NULL,NULL,NULL,NULL,NULL,NULL,NULL,NULL
Oklahoma,Pittsburg County,40121,45837,NULL,0.01,NULL,NULL,0.057,NULL,8.2,22,NULL
Oklahoma,Pottawatomie County,40125,69442,NULL,NULL,NULL,NULL,NULL,NULL,NULL,NULL,NULL
Oklahoma,SemNULLole County,40133,25482,NULL,NULL,NULL,NULL,NULL,NULL,NULL,NULL,NULL
Oklahoma,Sequoyah County,40135,42391,NULL,NULL,5,26,0.053,NULL,7.2,20,NULL
Oklahoma,Tulsa County,40143,603403,1,NULL,6,NULL,0.061,96,8.9,20,7
Oklahoma,WashNULLgton County,40147,50976,NULL,NULL,NULL,NULL,0.062,NULL,NULL,NULL,NULL
Oregon,Benton County,41003,85579,NULL,NULL,NULL,NULL,NULL,NULL,NULL,NULL,NULL
Oregon,Clackamas County,41005,375992,NULL,NULL,NULL,NULL,0.07,NULL,NULL,NULL,NULL
Oregon,Columbia County,41009,49351,NULL,NULL,NULL,NULL,0.051,NULL,NULL,NULL,NULL
Oregon,Crook County,41013,20978,NULL,NULL,NULL,NULL,NULL,NULL,16.4,132,NULL
Oregon,Deschutes County,41017,157733,NULL,NULL,NULL,NULL,NULL,NULL,NULL,NULL,NULL
Oregon,Douglas County,41019,107667,NULL,NULL,NULL,NULL,NULL,NULL,NULL,NULL,NULL
Oregon,Harney County,41025,7422,NULL,NULL,NULL,NULL,NULL,NULL,11.9,61,NULL
Oregon,Jackson County,41029,203206,NULL,NULL,NULL,NULL,0.06,46,15.5,63,NULL
Oregon,JosephNULLe County,41033,82713,NULL,NULL,NULL,NULL,NULL,NULL,14.5,29,NULL
Oregon,Klamath County,41035,66380,NULL,NULL,NULL,NULL,NULL,488,19.8,88,NULL
Oregon,Lake County,41037,7895,NULL,NULL,NULL,NULL,NULL,247,NULL,36,NULL
Oregon,Lane County,41039,351715,NULL,NULL,NULL,NULL,0.055,579,14.9,240,NULL
Oregon,LNULLn County,41043,116672,NULL,NULL,NULL,NULL,NULL,NULL,NULL,NULL,NULL
Oregon,Marion County,41047,315335,NULL,NULL,NULL,NULL,0.057,NULL,NULL,NULL,NULL
Oregon,Multnomah County,41051,735334,14,NULL,6,30,0.059,35,10.7,31,2
Oregon,Umatilla County,41059,75889,NULL,NULL,NULL,NULL,0.056,NULL,NULL,NULL,NULL
Oregon,Union County,41061,25748,NULL,NULL,NULL,NULL,NULL,39,NULL,NULL,NULL
Oregon,Wasco County,41065,25213,NULL,NULL,NULL,NULL,NULL,NULL,NULL,NULL,NULL
Oregon,WashNULLgton County,41067,529710,13,NULL,10,30,0.059,NULL,11.2,30,NULL
Pennsylvania,Adams County,42001,101407,0,NULL,2,12,0.061,NULL,NULL,NULL,2
Pennsylvania,Allegheny County,42003,1223348,3,NULL,9,34,0.071,72,9.8,27,65
Pennsylvania,Armstrong County,42005,68941,NULL,NULL,NULL,NULL,0.07,NULL,7.8,16,NULL
Pennsylvania,Beaver County,42007,170539,NULL,0,8,36,0.067,56,8.5,24,10
Pennsylvania,Berks County,42011,411442,NULL,0.03,NULL,NULL,0.065,NULL,7.9,19,NULL
Pennsylvania,Blair County,42013,127089,NULL,NULL,NULL,NULL,0.063,NULL,7.7,19,4
Pennsylvania,Bradford County,42015,62622,NULL,NULL,2,16,0.054,NULL,6.6,16,NULL
Pennsylvania,Bucks County,42017,625249,NULL,NULL,NULL,NULL,0.071,NULL,NULL,NULL,NULL
Pennsylvania,Cambria County,42021,143679,1,NULL,6,31,0.06,40,8.5,21,8
Pennsylvania,Carbon County,42025,65249,NULL,0.06,NULL,NULL,NULL,NULL,NULL,NULL,NULL
Pennsylvania,Centre County,42027,153990,NULL,NULL,3,26,0.059,NULL,7.2,19,2
Pennsylvania,Chester County,42029,498886,NULL,NULL,NULL,NULL,0.06,NULL,8.3,20,NULL
Pennsylvania,Clearfield County,42033,81642,NULL,NULL,NULL,NULL,0.053,NULL,NULL,NULL,NULL
Pennsylvania,CumberlaNULL County,42041,235406,NULL,NULL,NULL,NULL,NULL,NULL,7.5,21,NULL
Pennsylvania,DauphNULL County,42043,268100,NULL,NULL,NULL,NULL,0.062,40,9.3,29,NULL
Pennsylvania,Delaware County,42045,558979,NULL,0,8,NULL,0.062,NULL,9.7,23,NULL
Pennsylvania,Elk County,42047,31946,NULL,NULL,NULL,NULL,0.053,NULL,NULL,NULL,NULL
Pennsylvania,Erie County,42049,280566,1,NULL,4,31,0.061,37,6.5,16,NULL
Pennsylvania,Fayette County,42051,136606,NULL,NULL,3,15,0.06,NULL,7.5,17,NULL
Pennsylvania,FranklNULL County,42055,149618,NULL,NULL,NULL,NULL,0.05,NULL,NULL,NULL,NULL
Pennsylvania,Greene County,42059,38686,NULL,NULL,NULL,NULL,0.059,NULL,6.5,14,NULL
Pennsylvania,NULLULLiana County,42063,88880,NULL,NULL,NULL,NULL,0.066,NULL,NULL,NULL,20
Pennsylvania,Lackawanna County,42069,214437,1,NULL,9,43,0.057,NULL,6.9,19,NULL
Pennsylvania,Lancaster County,42071,519445,NULL,0.04,NULL,NULL,0.062,59,8.8,28,NULL
Pennsylvania,Lawrence County,42073,91108,NULL,0.02,NULL,NULL,0.06,NULL,NULL,NULL,NULL
Pennsylvania,Lebanon County,42075,133568,NULL,NULL,NULL,NULL,0.03,NULL,NULL,NULL,NULL
Pennsylvania,Lehigh County,42077,349497,NULL,NULL,NULL,NULL,0.063,34,NULL,NULL,NULL
Pennsylvania,Luzerne County,42079,320918,NULL,NULL,NULL,NULL,0.054,37,NULL,NULL,3
Pennsylvania,LycomNULLg County,42081,116111,NULL,NULL,NULL,NULL,0.058,NULL,7.3,19,NULL
Pennsylvania,Mercer County,42085,116638,NULL,NULL,NULL,NULL,0.063,NULL,7.4,18,NULL
Pennsylvania,Monroe County,42089,169842,NULL,NULL,NULL,NULL,0.053,NULL,NULL,NULL,NULL
Pennsylvania,Montgomery County,42091,799874,NULL,NULL,NULL,NULL,0.066,NULL,7.3,21,NULL
Pennsylvania,Northampton County,42095,297735,NULL,NULL,8,37,0.06,NULL,NULL,NULL,7
Pennsylvania,Perry County,42099,45969,NULL,NULL,NULL,NULL,NULL,NULL,NULL,NULL,NULL
Pennsylvania,Philadelphia County,42101,1526006,2,NULL,13,50,0.07,NULL,8.2,25,5
Pennsylvania,Somerset County,42111,77742,NULL,NULL,NULL,NULL,0.056,NULL,NULL,NULL,NULL
Pennsylvania,Susquehanna County,42115,43356,NULL,NULL,NULL,NULL,NULL,NULL,6.1,14,NULL
Pennsylvania,Tioga County,42117,41981,NULL,NULL,1,9,0.057,NULL,6.1,14,NULL
Pennsylvania,Warren County,42123,41815,NULL,NULL,NULL,NULL,NULL,NULL,NULL,NULL,47
Pennsylvania,WashNULLgton County,42125,207820,NULL,NULL,6,30,0.062,NULL,7.2,17,8
Pennsylvania,WestmorelaNULL County,42129,365169,NULL,0,NULL,NULL,0.057,NULL,7,16,NULL
Pennsylvania,WyomNULLg County,42131,28276,NULL,NULL,NULL,NULL,NULL,NULL,6.6,17,NULL
Pennsylvania,York County,42133,434972,NULL,NULL,7,39,0.058,NULL,9.3,26,6
Rhode IslaNULL,Kent County,44003,166158,NULL,NULL,NULL,NULL,0.065,NULL,4.6,10,NULL
Rhode IslaNULL,Providence County,44007,626667,2,NULL,15,45,0.064,30,8.3,20,1
Rhode IslaNULL,WashNULLgton County,44009,126979,NULL,NULL,NULL,NULL,0.067,NULL,4,11,NULL
South CarolNULLa,Aiken County,45003,160099,NULL,NULL,NULL,NULL,0.051,NULL,NULL,NULL,NULL
South CarolNULLa,ANULLerson County,45007,187126,NULL,NULL,NULL,NULL,0.056,NULL,NULL,NULL,NULL
South CarolNULLa,Beaufort County,45013,162233,NULL,NULL,NULL,NULL,NULL,NULL,NULL,NULL,NULL
South CarolNULLa,Berkeley County,45015,177843,NULL,NULL,NULL,NULL,0.051,NULL,NULL,NULL,NULL
South CarolNULLa,Charleston County,45019,350209,NULL,NULL,6,30,0.053,45,7.1,16,2
South CarolNULLa,Chesterfield County,45025,46734,NULL,NULL,NULL,NULL,0.056,NULL,6.6,14,NULL
South CarolNULLa,Colleton County,45029,38892,NULL,NULL,NULL,NULL,NULL,NULL,NULL,NULL,NULL
South CarolNULLa,DarlNULLgton County,45031,68681,NULL,NULL,NULL,NULL,0.052,NULL,NULL,NULL,NULL
South CarolNULLa,Edgefield County,45037,26985,NULL,NULL,NULL,NULL,0.054,NULL,6.7,17,NULL
South CarolNULLa,Florence County,45041,136885,NULL,0.15,NULL,NULL,NULL,NULL,6.7,15,NULL
South CarolNULLa,Georgetown County,45043,60158,NULL,NULL,NULL,NULL,NULL,NULL,NULL,NULL,NULL
South CarolNULLa,Greenville County,45045,451225,NULL,NULL,6,33,0.059,48,7.5,20,1
South CarolNULLa,Greenwood County,45047,69661,NULL,NULL,NULL,NULL,NULL,NULL,NULL,NULL,NULL
South CarolNULLa,Horry County,45051,269291,NULL,NULL,NULL,NULL,0.052,NULL,NULL,NULL,NULL
South CarolNULLa,LexNULLgton County,45063,262391,NULL,NULL,NULL,NULL,NULL,42,7.1,17,NULL
South CarolNULLa,Oconee County,45073,74273,NULL,NULL,NULL,NULL,NULL,NULL,NULL,NULL,NULL
South CarolNULLa,Orangeburg County,45075,92501,NULL,NULL,NULL,NULL,NULL,NULL,NULL,NULL,NULL
South CarolNULLa,RichlaNULL County,45079,384504,0,NULL,3,NULL,0.055,NULL,6.7,16,2
South CarolNULLa,Spartanburg County,45083,284307,NULL,NULL,NULL,NULL,0.064,NULL,8,17,NULL
South CarolNULLa,York County,45091,226073,NULL,NULL,NULL,NULL,0.054,NULL,6.6,15,2
South Dakota,BrookNULLgs County,46011,31965,NULL,NULL,NULL,NULL,0.064,95,4.4,16,NULL
South Dakota,Brown County,46013,36531,NULL,NULL,NULL,NULL,NULL,75,5.6,15,NULL
South Dakota,CodNULLgton County,46029,27227,NULL,NULL,NULL,NULL,0.057,129,6.7,16,NULL
South Dakota,Custer County,46033,8216,NULL,NULL,NULL,NULL,0.063,55,3.3,16,NULL
South Dakota,Hughes County,46065,17022,NULL,NULL,NULL,NULL,NULL,NULL,4,13,NULL
South Dakota,Jackson County,46071,3031,NULL,NULL,1,4,0.061,43,4.2,17,1
South Dakota,Meade County,46093,25434,NULL,NULL,NULL,NULL,0.062,63,NULL,NULL,NULL
South Dakota,MNULLnehaha County,46099,169468,1,NULL,4,31,0.064,71,6,16,4
South Dakota,PennNULLgton County,46103,100948,NULL,NULL,5,34,NULL,124,6.8,23,NULL
South Dakota,Union County,46127,14399,NULL,NULL,2,22,0.063,88,6.1,17,2
Tennessee,ANULLerson County,47001,75129,NULL,NULL,NULL,NULL,0.056,NULL,NULL,NULL,NULL
Tennessee,Blount County,47009,123010,0,NULL,1,5,0.058,NULL,6.6,15,1
Tennessee,Claiborne County,47025,32213,NULL,NULL,NULL,NULL,0.054,NULL,NULL,NULL,NULL
Tennessee,Davidson County,47037,626681,1,NULL,12,45,0.061,58,8.8,20,2
Tennessee,DeKalb County,47041,18723,NULL,NULL,NULL,NULL,0.055,NULL,NULL,NULL,NULL
Tennessee,Dyer County,47045,38335,NULL,NULL,NULL,NULL,NULL,NULL,6.2,15,NULL
Tennessee,Hamilton County,47065,336463,NULL,NULL,NULL,NULL,0.058,NULL,8.3,20,NULL
Tennessee,Jefferson County,47089,51407,NULL,NULL,NULL,NULL,0.058,NULL,NULL,NULL,NULL
Tennessee,Knox County,47093,432226,NULL,0.04,NULL,NULL,0.053,45,8.3,20,NULL
Tennessee,Lawrence County,47099,41869,NULL,NULL,NULL,NULL,NULL,NULL,5.3,14,NULL
Tennessee,Loudon County,47105,48556,NULL,NULL,NULL,NULL,0.059,NULL,6.3,14,NULL
Tennessee,McMNULLn County,47107,52266,NULL,NULL,NULL,NULL,NULL,NULL,6.8,16,NULL
Tennessee,Madison County,47113,98294,NULL,NULL,NULL,NULL,NULL,NULL,6.3,16,NULL
Tennessee,Maury County,47119,80956,NULL,NULL,NULL,NULL,NULL,NULL,5.7,14,NULL
Tennessee,Montgomery County,47125,172331,NULL,NULL,NULL,NULL,NULL,NULL,6.8,15,NULL
Tennessee,Putnam County,47141,72321,NULL,NULL,NULL,NULL,NULL,NULL,6.1,14,NULL
Tennessee,Roane County,47145,54181,NULL,NULL,NULL,NULL,NULL,NULL,6.7,15,NULL
Tennessee,Sevier County,47155,89889,NULL,NULL,NULL,NULL,0.062,NULL,NULL,NULL,NULL
Tennessee,Shelby County,47157,927644,1,NULL,10,33,0.062,64,9.1,20,2
Tennessee,Sullivan County,47163,156823,NULL,0,NULL,NULL,0.056,NULL,5.8,13,73
Tennessee,Sumner County,47165,160645,NULL,NULL,NULL,NULL,0.063,NULL,6.9,15,NULL
Tennessee,Williamson County,47187,183182,NULL,NULL,NULL,NULL,0.057,NULL,NULL,NULL,NULL
Tennessee,Wilson County,47189,113993,NULL,NULL,NULL,NULL,0.058,NULL,NULL,NULL,NULL
Texas,Atascosa County,48013,44911,NULL,NULL,NULL,NULL,NULL,NULL,NULL,NULL,NULL
Texas,Bell County,48027,310235,NULL,NULL,3,23,0.064,NULL,7.8,21,NULL
Texas,Bexar County,48029,1714773,1,NULL,8,34,0.074,80,8.6,23,6
Texas,Bowie County,48037,92565,NULL,NULL,NULL,NULL,NULL,NULL,9.4,21,NULL
Texas,Brazoria County,48039,313166,NULL,NULL,5,35,0.07,NULL,NULL,NULL,NULL
Texas,Brazos County,48041,194851,NULL,NULL,NULL,NULL,NULL,NULL,8.1,21,NULL
Texas,Brewster County,48043,9232,NULL,NULL,NULL,NULL,0.06,NULL,NULL,NULL,NULL
Texas,Caldwell County,48055,38066,NULL,NULL,NULL,NULL,NULL,NULL,NULL,NULL,NULL
Texas,Cameron County,48061,406220,NULL,NULL,NULL,NULL,0.053,NULL,12.1,36,NULL
Texas,CollNULL County,48085,782341,NULL,0.01,NULL,NULL,0.07,NULL,NULL,NULL,NULL
Texas,Culberson County,48109,2398,NULL,NULL,NULL,NULL,0.072,NULL,NULL,NULL,NULL
Texas,Dallas County,48113,2368139,1,NULL,11,44,0.069,73,8.2,21,NULL
Texas,Denton County,48121,662614,NULL,NULL,5,35,0.071,NULL,7.4,20,NULL
Texas,Ector County,48135,137130,NULL,NULL,NULL,NULL,NULL,NULL,7.2,20,NULL
Texas,Ellis County,48139,149610,NULL,NULL,3,23,0.061,NULL,8.2,19,6
Texas,El Paso County,48141,800647,2,0.01,13,59,0.079,99,9.1,24,7
Texas,Freestone County,48161,19816,NULL,NULL,NULL,NULL,NULL,NULL,NULL,NULL,5
Texas,Galveston County,48167,291309,NULL,NULL,3,22,0.068,87,8.3,28,NULL
Texas,Gregg County,48183,121730,NULL,NULL,3,16,0.055,NULL,NULL,NULL,50
Texas,Harris County,48201,4092459,2,NULL,16,55,0.073,101,11.6,34,14
Texas,Harrison County,48203,65631,NULL,NULL,2,14,0.055,NULL,8.3,23,33
Texas,Hidalgo County,48215,774769,NULL,NULL,NULL,NULL,0.055,82,10.8,33,NULL
Texas,Hood County,48221,51182,NULL,NULL,NULL,NULL,0.062,NULL,NULL,NULL,NULL
Texas,Howard County,48227,35012,NULL,NULL,NULL,NULL,NULL,NULL,NULL,NULL,101
Texas,Hunt County,48231,86129,NULL,NULL,3,23,0.061,NULL,NULL,NULL,NULL
Texas,HutchNULLson County,48233,22150,NULL,NULL,NULL,NULL,NULL,NULL,NULL,NULL,173
Texas,Jeff Davis County,48243,2342,NULL,NULL,NULL,NULL,NULL,NULL,NULL,NULL,NULL
Texas,Jefferson County,48245,252273,NULL,NULL,5,29,0.065,NULL,8.5,24,47
Texas,Johnson County,48251,150934,NULL,NULL,NULL,NULL,0.067,NULL,NULL,NULL,NULL
Texas,Karnes County,48255,14824,NULL,NULL,3,25,NULL,NULL,NULL,NULL,NULL
Texas,Kaufman County,48257,103350,NULL,0.04,3,23,0.066,NULL,NULL,NULL,8
Texas,Kleberg County,48273,32061,NULL,NULL,NULL,NULL,NULL,NULL,10.6,33,NULL
Texas,Lubbock County,48303,278831,NULL,NULL,NULL,NULL,NULL,NULL,5.4,15,NULL
Texas,McLennan County,48309,234906,0,NULL,NULL,NULL,0.063,NULL,NULL,NULL,6
Texas,Marion County,48315,10546,NULL,NULL,NULL,NULL,NULL,NULL,NULL,NULL,NULL
Texas,Maverick County,48323,54258,NULL,NULL,NULL,NULL,NULL,NULL,7.9,24,NULL
Texas,Milam County,48331,24757,NULL,NULL,NULL,NULL,NULL,NULL,NULL,NULL,NULL
Texas,Montgomery County,48339,455746,NULL,NULL,2,20,0.075,NULL,NULL,NULL,NULL
Texas,Navarro County,48349,47735,NULL,NULL,2,NULL,0.062,NULL,NULL,NULL,123
Texas,Nueces County,48355,340223,NULL,NULL,NULL,NULL,0.064,84,8,27,3
Texas,Orange County,48361,81837,NULL,NULL,4,26,0.062,NULL,8.7,22,NULL
Texas,Parker County,48367,116927,NULL,NULL,NULL,NULL,0.068,NULL,NULL,NULL,NULL
Texas,Polk County,48373,45413,NULL,NULL,NULL,NULL,0.057,NULL,NULL,NULL,NULL
Texas,Potter County,48375,121073,NULL,NULL,NULL,NULL,NULL,NULL,5.5,15,94
Texas,RaNULLall County,48381,120725,NULL,NULL,NULL,NULL,0.064,NULL,NULL,NULL,NULL
Texas,Robertson County,48395,16622,NULL,NULL,NULL,NULL,NULL,NULL,NULL,NULL,NULL
Texas,Rockwall County,48397,78337,NULL,NULL,NULL,NULL,0.064,NULL,NULL,NULL,NULL
Texas,Rusk County,48401,53330,NULL,NULL,NULL,NULL,NULL,NULL,NULL,NULL,84
Texas,Smith County,48423,209714,NULL,NULL,2,12,0.06,NULL,NULL,NULL,NULL
Texas,Tarrant County,48439,1809034,1,NULL,12,45,0.077,NULL,9.8,23,NULL
Texas,Titus County,48449,32334,NULL,NULL,NULL,NULL,NULL,NULL,NULL,NULL,13
Texas,Travis County,48453,1024266,2,NULL,12,43,0.063,91,9.5,23,NULL
Texas,Victoria County,48469,86793,NULL,NULL,NULL,NULL,0.06,NULL,NULL,NULL,NULL
Texas,Webb County,48479,250304,2,NULL,NULL,NULL,0.06,72,10.3,28,NULL
Texas,Wilson County,48493,42918,NULL,NULL,4,31,NULL,NULL,NULL,NULL,NULL
Utah,Box Elder County,49003,49975,NULL,NULL,1,11,0.066,NULL,NULL,NULL,NULL
Utah,Cache County,49005,112656,NULL,NULL,5,31,0.068,260,8,29,NULL
Utah,Carbon County,49007,21403,NULL,NULL,2,18,0.067,NULL,NULL,NULL,NULL
Utah,Davis County,49011,306479,NULL,NULL,11,44,0.08,NULL,7.7,27,NULL
Utah,Duchesne County,49013,18607,NULL,NULL,5,27,0.064,NULL,7.5,23,NULL
Utah,Garfield County,49017,5172,NULL,NULL,NULL,NULL,0.06,NULL,NULL,NULL,NULL
Utah,Iron County,49021,46163,NULL,NULL,6,40,0.061,NULL,5.4,17,NULL
Utah,Salt Lake County,49035,1029655,1,NULL,17,51,0.08,112,10.5,33,5
Utah,San Juan County,49037,14746,NULL,NULL,NULL,NULL,0.066,NULL,NULL,NULL,NULL
Utah,Tooele County,49045,58218,NULL,NULL,4,21,0.07,NULL,7.1,26,NULL
Utah,UNULLtah County,49047,32588,NULL,NULL,4,34,0.066,NULL,6.6,22,NULL
Utah,Utah County,49049,516564,1,NULL,10,43,0.07,90,7.9,26,NULL
Utah,WashNULLgton County,49053,138115,NULL,NULL,3,30,0.067,NULL,5.8,17,NULL
Utah,Weber County,49057,231236,1,NULL,11,47,0.074,77,6.9,23,NULL
Vermont,Addison County,50001,36821,NULL,NULL,NULL,NULL,NULL,NULL,NULL,NULL,NULL
Vermont,BennNULLgton County,50003,37125,NULL,NULL,NULL,NULL,0.053,NULL,5.6,18,NULL
Vermont,ChitteNULLen County,50007,156545,1,NULL,5,29,0.056,16,6.8,18,1
Vermont,RutlaNULL County,50021,61642,1,NULL,6,32,0.053,29,7.6,22,2
Vermont,WashNULLgton County,50023,59534,NULL,NULL,NULL,NULL,NULL,NULL,NULL,NULL,NULL
VirgNULLia,Albemarle County,51003,98970,NULL,NULL,NULL,NULL,0.055,NULL,6.5,12,NULL
VirgNULLia,ArlNULLgton County,51013,207627,1,NULL,7,38,0.062,NULL,6.6,18,NULL
VirgNULLia,Botetourt County,51023,33148,NULL,NULL,NULL,NULL,NULL,NULL,NULL,NULL,NULL
VirgNULLia,CarolNULLe County,51033,28545,NULL,NULL,NULL,NULL,0.053,NULL,NULL,NULL,NULL
VirgNULLia,Carroll County,51035,30042,NULL,NULL,NULL,NULL,NULL,15,NULL,NULL,NULL
VirgNULLia,Charles City County,51036,7256,NULL,NULL,3,26,0.054,NULL,5.6,12,3
VirgNULLia,Chesterfield County,51041,316236,NULL,NULL,NULL,NULL,0.054,NULL,5.5,11,NULL
VirgNULLia,Fairfax County,51059,1081726,1,NULL,14,43,0.057,16,7.9,16,2
VirgNULLia,Fauquier County,51061,65203,NULL,NULL,NULL,NULL,0.049,NULL,NULL,NULL,NULL
VirgNULLia,Frederick County,51069,78305,NULL,NULL,NULL,NULL,0.052,NULL,6.6,16,NULL
VirgNULLia,Giles County,51071,17286,NULL,NULL,NULL,NULL,0.055,NULL,NULL,NULL,144
VirgNULLia,Hanover County,51085,99863,NULL,NULL,NULL,NULL,0.053,NULL,NULL,NULL,NULL
VirgNULLia,Henrico County,51087,306935,1,NULL,5,29,0.055,24,6.9,15,2
VirgNULLia,Loudoun County,51107,312311,NULL,NULL,5,31,0.06,NULL,NULL,NULL,NULL
VirgNULLia,Madison County,51113,13308,NULL,NULL,NULL,NULL,0.053,NULL,NULL,NULL,NULL
VirgNULLia,Montgomery County,51121,94392,NULL,0,NULL,NULL,NULL,NULL,NULL,NULL,NULL
VirgNULLia,Page County,51139,24042,NULL,NULL,NULL,NULL,NULL,NULL,NULL,NULL,NULL
VirgNULLia,PrNULLce Edward County,51147,23368,NULL,NULL,NULL,NULL,0.051,NULL,NULL,NULL,NULL
VirgNULLia,PrNULLce William County,51153,402002,NULL,NULL,3,21,0.057,NULL,NULL,NULL,NULL
VirgNULLia,Roanoke County,51161,92376,1,NULL,5,31,0.054,NULL,6.7,15,3
VirgNULLia,Rockbridge County,51163,22307,NULL,NULL,NULL,NULL,0.051,NULL,NULL,NULL,NULL
VirgNULLia,RockNULLgham County,51165,76314,NULL,NULL,8,34,0.053,NULL,6.1,14,2
VirgNULLia,Stafford County,51179,128961,NULL,NULL,NULL,NULL,0.056,16,NULL,NULL,NULL
VirgNULLia,Wythe County,51197,29235,NULL,NULL,NULL,NULL,0.054,NULL,NULL,NULL,NULL
VirgNULLia,AlexaNULLria city,51510,139966,NULL,NULL,NULL,NULL,NULL,NULL,NULL,NULL,NULL
VirgNULLia,Bristol city,51520,17835,NULL,NULL,NULL,NULL,NULL,NULL,6,14,NULL
VirgNULLia,Chesapeake city,51550,222209,NULL,NULL,NULL,NULL,NULL,NULL,NULL,NULL,NULL
VirgNULLia,CovNULLgton city,51580,5961,NULL,NULL,NULL,NULL,NULL,NULL,NULL,NULL,NULL
VirgNULLia,Hampton city,51650,137436,1,NULL,3,21,0.053,NULL,5.9,13,4
VirgNULLia,Hopewell city,51670,22591,NULL,NULL,NULL,NULL,NULL,15,NULL,NULL,NULL
VirgNULLia,Lynchburg city,51680,75568,NULL,NULL,NULL,NULL,NULL,NULL,5.4,12,NULL
VirgNULLia,Newport News city,51700,180719,NULL,NULL,NULL,NULL,NULL,NULL,NULL,NULL,NULL
VirgNULLia,Norfolk city,51710,242803,1,NULL,7,35,NULL,21,NULL,NULL,2
VirgNULLia,RichmoNULL city,51760,204214,1,NULL,12,41,NULL,NULL,NULL,NULL,NULL
VirgNULLia,Roanoke city,51770,97032,NULL,NULL,NULL,NULL,NULL,NULL,NULL,NULL,NULL
VirgNULLia,Salem city,51775,24802,NULL,NULL,NULL,NULL,NULL,NULL,5.9,14,NULL
VirgNULLia,Suffolk city,51800,84585,NULL,NULL,NULL,NULL,0.054,NULL,NULL,NULL,NULL
VirgNULLia,VirgNULLia Beach city,51810,437994,NULL,NULL,NULL,NULL,NULL,NULL,NULL,NULL,NULL
VirgNULLia,WNULLchester city,51840,26203,NULL,NULL,NULL,NULL,NULL,18,NULL,NULL,NULL
WashNULLgton,Adams County,53001,18728,NULL,NULL,NULL,NULL,NULL,NULL,NULL,NULL,NULL
WashNULLgton,AsotNULL County,53003,21623,NULL,NULL,NULL,NULL,NULL,NULL,NULL,NULL,NULL
WashNULLgton,Benton County,53005,175177,NULL,NULL,NULL,NULL,0.061,566,NULL,NULL,NULL
WashNULLgton,Chelan County,53007,72453,NULL,NULL,NULL,NULL,NULL,NULL,NULL,NULL,2
WashNULLgton,Clallam County,53009,71404,2,NULL,NULL,NULL,0.049,NULL,NULL,NULL,1
WashNULLgton,Clark County,53011,425363,NULL,NULL,NULL,NULL,0.054,NULL,13.9,147,NULL
WashNULLgton,Columbia County,53013,4078,NULL,NULL,NULL,NULL,0.035,NULL,NULL,NULL,NULL
WashNULLgton,Cowlitz County,53015,102410,NULL,NULL,NULL,NULL,NULL,NULL,NULL,NULL,NULL
WashNULLgton,Grant County,53025,89120,NULL,NULL,NULL,NULL,NULL,NULL,NULL,NULL,NULL
WashNULLgton,Grays Harbor County,53027,72797,NULL,NULL,NULL,NULL,NULL,NULL,NULL,NULL,NULL
WashNULLgton,Jefferson County,53031,29872,NULL,NULL,NULL,NULL,NULL,NULL,NULL,NULL,NULL
WashNULLgton,KNULLg County,53033,1931249,2,NULL,16,57,0.06,38,10.1,61,4
WashNULLgton,Kitsap County,53035,251133,NULL,NULL,NULL,NULL,NULL,NULL,7.6,41,NULL
WashNULLgton,Kittitas County,53037,40915,NULL,NULL,NULL,NULL,NULL,NULL,NULL,50,NULL
WashNULLgton,Lewis County,53041,75455,NULL,NULL,NULL,NULL,NULL,NULL,NULL,NULL,NULL
WashNULLgton,Mason County,53045,60699,NULL,NULL,NULL,NULL,NULL,NULL,NULL,NULL,NULL
WashNULLgton,Okanogan County,53047,41120,NULL,NULL,NULL,NULL,NULL,NULL,15,83,NULL
WashNULLgton,Pierce County,53053,795225,NULL,NULL,12,40,0.06,NULL,9.4,41,NULL
WashNULLgton,Skagit County,53057,116901,NULL,NULL,NULL,NULL,0.046,NULL,NULL,NULL,NULL
WashNULLgton,Skamania County,53059,11066,NULL,NULL,NULL,NULL,NULL,NULL,NULL,NULL,NULL
WashNULLgton,Snohomish County,53061,713335,NULL,NULL,NULL,NULL,NULL,NULL,10.6,51,NULL
WashNULLgton,Spokane County,53063,471221,NULL,NULL,NULL,NULL,0.055,343,10.3,31,NULL
WashNULLgton,Stevens County,53065,43531,NULL,NULL,NULL,NULL,NULL,358,14.6,66,NULL
WashNULLgton,Thurston County,53067,252264,NULL,NULL,NULL,NULL,0.057,NULL,NULL,NULL,NULL
WashNULLgton,Walla Walla County,53071,58781,NULL,NULL,NULL,NULL,NULL,623,NULL,NULL,NULL
WashNULLgton,Whatcom County,53073,201140,NULL,NULL,NULL,NULL,0.05,NULL,5.6,42,62
WashNULLgton,Whitman County,53075,44776,NULL,NULL,NULL,NULL,NULL,NULL,NULL,NULL,NULL
WashNULLgton,Yakima County,53077,243231,NULL,NULL,NULL,NULL,NULL,326,14.1,105,NULL
West VirgNULLia,Berkeley County,54003,104169,NULL,NULL,NULL,NULL,0.055,NULL,7.5,23,NULL
West VirgNULLia,Brooke County,54009,24069,NULL,NULL,NULL,NULL,NULL,37,8.1,18,41
West VirgNULLia,Cabell County,54011,96319,NULL,NULL,NULL,NULL,0.058,NULL,6.7,14,NULL
West VirgNULLia,Gilmer County,54021,8693,NULL,NULL,NULL,NULL,0.05,NULL,NULL,NULL,NULL
West VirgNULLia,Greenbrier County,54025,35480,NULL,NULL,NULL,NULL,0.052,NULL,NULL,NULL,NULL
West VirgNULLia,Hancock County,54029,30676,NULL,NULL,NULL,NULL,0.066,27,7.1,17,21
West VirgNULLia,Harrison County,54033,69099,NULL,NULL,NULL,NULL,NULL,NULL,6.6,13,NULL
West VirgNULLia,Kanawha County,54039,193063,1,NULL,NULL,NULL,0.057,NULL,7,14,4
West VirgNULLia,Marion County,54049,56418,NULL,NULL,NULL,NULL,NULL,NULL,NULL,NULL,NULL
West VirgNULLia,Marshall County,54051,33107,NULL,NULL,NULL,NULL,NULL,NULL,7.6,16,9
West VirgNULLia,Mason County,54053,27324,NULL,NULL,NULL,NULL,NULL,NULL,NULL,NULL,55
West VirgNULLia,Mercer County,54055,62264,NULL,NULL,NULL,NULL,NULL,NULL,NULL,NULL,NULL
West VirgNULLia,MNULLeral County,54057,28212,NULL,NULL,NULL,NULL,NULL,NULL,NULL,NULL,NULL
West VirgNULLia,Monongalia County,54061,96189,NULL,NULL,NULL,NULL,0.062,NULL,6.2,16,10
West VirgNULLia,Ohio County,54069,44443,NULL,NULL,NULL,NULL,0.063,NULL,6.7,15,NULL
West VirgNULLia,Raleigh County,54081,78859,NULL,NULL,NULL,NULL,NULL,NULL,NULL,NULL,NULL
West VirgNULLia,Summers County,54089,13927,NULL,NULL,NULL,NULL,NULL,NULL,NULL,NULL,NULL
West VirgNULLia,Tucker County,54093,7141,NULL,NULL,NULL,NULL,0.054,NULL,NULL,NULL,NULL
West VirgNULLia,Wood County,54107,86956,NULL,NULL,NULL,NULL,0.058,NULL,7,15,19
WisconsNULL,AshlaNULL County,55003,16157,NULL,NULL,NULL,NULL,0.054,NULL,5.2,13,NULL
WisconsNULL,Brown County,55009,248007,NULL,NULL,NULL,NULL,0.064,NULL,7.3,18,6
WisconsNULL,Columbia County,55021,56833,NULL,NULL,NULL,NULL,0.071,NULL,NULL,NULL,NULL
WisconsNULL,Dane County,55025,488073,NULL,NULL,NULL,NULL,0.069,33,8,18,2
WisconsNULL,Dodge County,55027,88759,0,NULL,NULL,NULL,0.067,51,7.6,18,2
WisconsNULL,Door County,55029,27785,NULL,NULL,NULL,NULL,0.075,NULL,NULL,NULL,NULL
WisconsNULL,Douglas County,55031,44159,NULL,NULL,NULL,NULL,NULL,NULL,NULL,NULL,NULL
WisconsNULL,Eau Claire County,55035,98736,NULL,NULL,NULL,NULL,0.063,47,7.7,17,NULL
WisconsNULL,FoNULL du Lac County,55039,101633,NULL,NULL,NULL,NULL,0.065,NULL,NULL,NULL,NULL
WisconsNULL,Forest County,55041,9304,NULL,NULL,NULL,NULL,0.061,NULL,5.7,14,2
WisconsNULL,Grant County,55043,51208,NULL,NULL,NULL,NULL,NULL,NULL,8.2,20,NULL
WisconsNULL,Jefferson County,55055,83686,NULL,NULL,NULL,NULL,0.072,NULL,NULL,NULL,NULL
WisconsNULL,Kenosha County,55059,166426,NULL,NULL,NULL,NULL,0.078,NULL,7.1,18,NULL
WisconsNULL,Kewaunee County,55061,20574,NULL,NULL,NULL,NULL,0.063,NULL,NULL,NULL,NULL
WisconsNULL,La Crosse County,55063,114638,NULL,NULL,NULL,NULL,0.061,NULL,7.7,18,NULL
WisconsNULL,Manitowoc County,55071,81442,NULL,NULL,NULL,NULL,0.069,NULL,NULL,NULL,NULL
WisconsNULL,Marathon County,55073,134063,NULL,NULL,NULL,NULL,0.055,NULL,NULL,NULL,NULL
WisconsNULL,Milwaukee County,55079,947735,1,NULL,12,40,0.075,46,9,21,2
WisconsNULL,Oneida County,55085,35998,NULL,NULL,NULL,NULL,NULL,NULL,NULL,NULL,NULL
WisconsNULL,Outagamie County,55087,176695,NULL,NULL,NULL,NULL,0.067,NULL,7.4,19,67
WisconsNULL,Ozaukee County,55089,86395,NULL,NULL,NULL,NULL,0.073,NULL,6.5,17,NULL
WisconsNULL,RacNULLe County,55101,195408,NULL,NULL,NULL,NULL,0.077,NULL,NULL,NULL,NULL
WisconsNULL,Rock County,55105,160331,NULL,NULL,NULL,NULL,0.07,NULL,NULL,NULL,NULL
WisconsNULL,St. Croix County,55109,84345,NULL,NULL,NULL,NULL,NULL,NULL,NULL,NULL,NULL
WisconsNULL,Sauk County,55111,61976,NULL,NULL,NULL,NULL,0.065,44,7.4,17,NULL
WisconsNULL,Sheboygan County,55117,115507,NULL,NULL,NULL,NULL,0.076,NULL,NULL,NULL,NULL
WisconsNULL,Taylor County,55119,20689,NULL,NULL,NULL,NULL,0.057,NULL,6.2,15,NULL
WisconsNULL,Vilas County,55125,21430,NULL,NULL,NULL,NULL,0.059,NULL,5,13,NULL
WisconsNULL,Walworth County,55127,102228,NULL,NULL,NULL,NULL,0.074,NULL,NULL,NULL,NULL
WisconsNULL,Waukesha County,55133,389891,NULL,NULL,NULL,NULL,0.067,45,8.8,19,NULL
WisconsNULL,Waupaca County,55135,52410,NULL,NULL,NULL,NULL,NULL,NULL,NULL,NULL,NULL
WisconsNULL,WNULLnebago County,55139,166994,NULL,NULL,NULL,NULL,NULL,NULL,NULL,NULL,NULL
WisconsNULL,Wood County,55141,74749,NULL,NULL,NULL,NULL,NULL,NULL,NULL,NULL,NULL
WyomNULLg,Albany County,56001,36299,NULL,NULL,NULL,NULL,0.066,184,6.2,38,NULL
WyomNULLg,Big Horn County,56003,11668,NULL,NULL,NULL,NULL,0.058,NULL,NULL,NULL,NULL
WyomNULLg,Campbell County,56005,46133,NULL,NULL,1,NULL,0.062,149,NULL,NULL,NULL
WyomNULLg,Carbon County,56007,15885,NULL,NULL,4,28,NULL,NULL,NULL,NULL,15
WyomNULLg,Converse County,56009,13833,0,NULL,2,18,0.071,83,NULL,NULL,NULL
WyomNULLg,Fremont County,56013,40123,NULL,NULL,1,4,0.067,70,7.3,37,41
WyomNULLg,Goshen County,56015,13249,NULL,NULL,NULL,NULL,NULL,NULL,NULL,NULL,NULL
WyomNULLg,Johnson County,56019,8569,NULL,NULL,1,5,0.064,67,NULL,NULL,NULL
WyomNULLg,Laramie County,56021,91738,1,NULL,3,NULL,0.06,127,4.1,31,NULL
WyomNULLg,LNULLcoln County,56023,18106,NULL,NULL,NULL,NULL,NULL,91,NULL,NULL,NULL
WyomNULLg,Natrona County,56025,75450,NULL,NULL,4,36,0.066,56,4.9,35,12
WyomNULLg,Park County,56029,28205,NULL,NULL,NULL,NULL,NULL,54,4.4,35,NULL
WyomNULLg,Platte County,56031,8667,NULL,NULL,NULL,NULL,NULL,228,NULL,NULL,NULL
WyomNULLg,Sheridan County,56033,29116,NULL,NULL,NULL,NULL,0.059,52,6.4,34,NULL
WyomNULLg,Sublette County,56035,10247,NULL,NULL,2,17,0.069,63,3.1,18,NULL
WyomNULLg,Sweetwater County,56037,43806,NULL,NULL,6,37,0.064,301,3.6,16,7
WyomNULLg,Teton County,56039,21294,1,NULL,NULL,NULL,0.066,34,4.8,49,NULL
WyomNULLg,UNULLta County,56041,21118,NULL,NULL,NULL,NULL,0.068,47,NULL,NULL,NULL
WyomNULLg,Weston County,56045,7208,NULL,NULL,NULL,NULL,0.066,NULL,NULL,NULL,6
Puerto Rico,"Adjuntas Municipio, Puerto Rico",72001,19483,NULL,NULL,NULL,NULL,NULL,NULL,NULL,NULL,NULL
Puerto Rico,"Arecibo Municipio, Puerto Rico",72013,96440,NULL,NULL,NULL,NULL,NULL,NULL,NULL,NULL,NULL
Puerto Rico,"Bayam√≥n Municipio, Puerto Rico",72021,208116,4,NULL,NULL,NULL,0.037,NULL,NULL,NULL,NULL
Puerto Rico,"Caguas Municipio, Puerto Rico",72025,142893,2,NULL,NULL,NULL,NULL,NULL,NULL,NULL,NULL
Puerto Rico,"Cata√±o Municipio, Puerto Rico",72033,28140,NULL,NULL,NULL,NULL,0.038,161,NULL,NULL,NULL
Puerto Rico,"Fajardo Municipio, Puerto Rico",72053,36993,NULL,NULL,NULL,NULL,NULL,NULL,NULL,NULL,NULL
Puerto Rico,"Guayama Municipio, Puerto Rico",72057,45362,NULL,NULL,NULL,NULL,NULL,NULL,NULL,NULL,NULL
Puerto Rico,"Guayanilla Municipio, Puerto Rico",72059,21581,NULL,NULL,NULL,NULL,NULL,NULL,NULL,NULL,NULL
Puerto Rico,"Guaynabo Municipio, Puerto Rico",72061,97924,NULL,NULL,NULL,NULL,NULL,NULL,NULL,NULL,NULL
Puerto Rico,"Humacao Municipio, Puerto Rico",72069,58466,NULL,NULL,NULL,NULL,NULL,NULL,NULL,NULL,NULL
Puerto Rico,"Juncos Municipio, Puerto Rico",72077,40290,NULL,NULL,NULL,NULL,0.07,NULL,NULL,NULL,NULL
Puerto Rico,"Lares Municipio, Puerto Rico",72081,30753,NULL,NULL,NULL,NULL,NULL,NULL,NULL,NULL,NULL
Puerto Rico,"Mayag√ºez Municipio, Puerto Rico",72097,89080,NULL,NULL,NULL,NULL,0.03,NULL,NULL,NULL,NULL
Puerto Rico,"Ponce Municipio, Puerto Rico",72113,166327,3,NULL,NULL,NULL,NULL,99,NULL,NULL,NULL
Puerto Rico,"San Juan Municipio, Puerto Rico",72127,395326,3,NULL,NULL,NULL,NULL,NULL,NULL,NULL,NULL