fips,country,state,county,level,lat,locationId,long,population,metrics.testPositivityRatio,metrics.testPositivityRatioDetails.source,metrics.caseDensity,metrics.contactTracerCapacityRatio,metrics.infectionRate,metrics.infectionRateCI90,metrics.icuHeadroomRatio,metrics.icuHeadroomDetails,metrics.icuCapacityRatio,riskLevels.overall,riskLevels.testPositivityRatio,riskLevels.caseDensity,riskLevels.contactTracerCapacityRatio,riskLevels.infectionRate,riskLevels.icuHeadroomRatio,riskLevels.icuCapacityRatio,actuals.cases,actuals.deaths,actuals.positiveTests,actuals.negativeTests,actuals.contactTracers,actuals.hospitalBeds.capacity,actuals.hospitalBeds.currentUsageTotal,actuals.hospitalBeds.currentUsageCovid,actuals.hospitalBeds.typicalUsageRate,actuals.icuBeds.capacity,actuals.icuBeds.currentUsageTotal,actuals.icuBeds.currentUsageCovid,actuals.icuBeds.typicalUsageRate,actuals.newCases,actuals.vaccinesDistributed,actuals.vaccinationsInitiated,actuals.vaccinationsCompleted,lastUpdatedDate,url,metrics.vaccinationsInitiatedRatio,metrics.vaccinationsCompletedRatio,actuals.newDeaths,actuals.vaccinesAdministered\
48001,US,TX,Anderson County,county,,iso1:us#iso2:us-tx#fips:48001,,57735,0.026,other,4.5,,0.76,0.76,0.14,,0.54,1,0,1,4,0,0,0,5191,130,,,,226,37,2,0.45,10,5,0,0.58,1,,18233,14932,6/18/21,https://covidactnow.org/us/texas-tx/county/anderson_county,0.316,0.259,0,31050\
48003,US,TX,Andrews County,county,,iso1:us#iso2:us-tx#fips:48003,,18705,0.06,other,0,,1,1.17,,,,0,1,0,4,1,4,4,1837,47,,,,34,18,0,0.18,1,,0,,0,,6261,5453,6/18/21,https://covidactnow.org/us/texas-tx/county/andrews_county,0.335,0.292,0,11492\
48005,US,TX,Angelina County,county,,iso1:us#iso2:us-tx#fips:48005,,86715,0.029,other,0.8,,0.64,0.77,0.31,,0.89,0,0,0,4,0,0,3,8680,286,,,,465,185,10,0.5,32,29,7,0.5,0,,28655,24731,6/18/21,https://covidactnow.org/us/texas-tx/county/angelina_county,0.33,0.285,0,51339\
48007,US,TX,Aransas County,county,,iso1:us#iso2:us-tx#fips:48007,,23510,0.034,other,3,,1.28,1.08,,,,2,1,1,4,2,4,4,1272,41,,,,,,1,,,,0,,0,,11812,10004,6/18/21,https://covidactnow.org/us/texas-tx/county/aransas_county,0.502,0.426,0,21048\
48009,US,TX,Archer County,county,,iso1:us#iso2:us-tx#fips:48009,,8553,0.059,other,0,,1,1.17,,,,0,1,0,4,1,4,4,812,12,,,,,,0,,,,0,,0,,3218,2944,6/18/21,https://covidactnow.org/us/texas-tx/county/archer_county,0.376,0.344,0,5846\
48011,US,TX,Armstrong County,county,,iso1:us#iso2:us-tx#fips:48011,,1887,,other,0,,,,,,,0,4,0,4,4,4,4,204,6,,,,,,0,,,,0,,0,,616,516,6/18/21,https://covidactnow.org/us/texas-tx/county/armstrong_county,0.326,0.273,0,1104\
48013,US,TX,Atascosa County,county,,iso1:us#iso2:us-tx#fips:48013,,51153,0.02,other,3.1,,0.77,0.77,0.08,,0.43,1,0,1,4,0,0,0,5349,151,,,,67,33,1,0.21,8,3,0,0.21,1,,18590,15344,6/18/21,https://covidactnow.org/us/texas-tx/county/atascosa_county,0.363,0.3,0,32646\
48015,US,TX,Austin County,county,,iso1:us#iso2:us-tx#fips:48015,,30032,0.056,other,6.2,,0.95,0.95,0.46,,,1,1,1,4,1,0,4,2223,37,,,,32,1,0,0.07,4,4,1,,4,,11542,9791,6/18/21,https://covidactnow.org/us/texas-tx/county/austin_county,0.384,0.326,0,20052\
48017,US,TX,Bailey County,county,,iso1:us#iso2:us-tx#fips:48017,,7000,0.071,other,16.3,,1.21,1.14,,,,2,1,2,4,2,4,4,852,19,,,,25,2,1,0.09,0,,0,,3,,2294,1985,6/18/21,https://covidactnow.org/us/texas-tx/county/bailey_county,0.328,0.284,0,4068\
48019,US,TX,Bandera County,county,,iso1:us#iso2:us-tx#fips:48019,,23112,0.056,other,4.9,,1.33,0.9,,,,2,1,1,4,2,4,4,1412,28,,,,,,1,,,,0,,0,,8543,7431,6/18/21,https://covidactnow.org/us/texas-tx/county/bandera_county,0.37,0.322,0,14985\
48021,US,TX,Bastrop County,county,,iso1:us#iso2:us-tx#fips:48021,,88723,0.033,other,6.4,,0.85,0.71,inf,,,1,1,1,4,0,4,4,9689,100,,,,8,3,3,0.19,0,,2,,5,,39048,30178,6/18/21,https://covidactnow.org/us/texas-tx/county/bastrop_county,0.44,0.34,0,67110\
48023,US,TX,Baylor County,county,,iso1:us#iso2:us-tx#fips:48023,,3509,,other,0,,,,,,,0,4,0,4,4,4,4,300,13,,,,27,5,1,0.19,0,,0,,0,,1195,1115,6/18/21,https://covidactnow.org/us/texas-tx/county/baylor_county,0.341,0.318,0,2207\
48025,US,TX,Bee County,county,,iso1:us#iso2:us-tx#fips:48025,,32565,0.006,other,10.4,,1.06,0.93,,,0.46,2,0,2,4,1,4,0,3519,74,,,,69,17,1,0.35,5,2,0,0.27,0,,12584,10934,6/18/21,https://covidactnow.org/us/texas-tx/county/bee_county,0.386,0.336,0,23007\
48027,US,TX,Bell County,county,,iso1:us#iso2:us-tx#fips:48027,,362924,0.018,other,2.4,,1.26,0.88,0.13,,0.92,2,0,1,4,2,0,3,24897,442,,,,1191,748,22,0.64,92,85,8,0.54,13,,104175,85098,6/18/21,https://covidactnow.org/us/texas-tx/county/bell_county,0.287,0.234,0,181159\
48029,US,TX,Bexar County,county,,iso1:us#iso2:us-tx#fips:48029,,2003554,0.014,other,6.3,,0.99,0.1,0.2,,0.93,1,0,1,4,1,0,3,221906,3608,,,,10395,3745,118,0.65,508,472,47,0.75,880,,1006161,832496,6/18/21,https://covidactnow.org/us/texas-tx/county/bexar_county,0.502,0.416,3,1784856\
48031,US,TX,Blanco County,county,,iso1:us#iso2:us-tx#fips:48031,,11931,0.029,other,7.2,,1.11,1.05,,,,2,0,1,4,2,4,4,768,21,,,,,,0,,,,0,,0,,5440,4800,6/18/21,https://covidactnow.org/us/texas-tx/county/blanco_county,0.456,0.402,0,9876\
48033,US,TX,Borden County,county,,iso1:us#iso2:us-tx#fips:48033,,654,,other,0,,,,,,,0,4,0,4,4,4,4,30,2,,,,,,0,,,,0,,0,,161,143,6/18/21,https://covidactnow.org/us/texas-tx/county/borden_county,0.246,0.219,0,281\
48035,US,TX,Bosque County,county,,iso1:us#iso2:us-tx#fips:48035,,18685,0.036,other,0.8,,1,1.17,0,,,0,1,0,4,1,0,4,1693,35,,,,25,5,2,0.33,1,,0,,0,,6798,5931,6/18/21,https://covidactnow.org/us/texas-tx/county/bosque_county,0.364,0.317,0,12000\
48037,US,TX,Bowie County,county,,iso1:us#iso2:us-tx#fips:48037,,93245,0.048,other,7.1,,0.91,0.72,0.1,,0.72,1,1,1,4,1,0,1,7156,224,,,,883,349,20,0.51,55,39,5,0.26,7,,24576,20256,6/18/21,https://covidactnow.org/us/texas-tx/county/bowie_county,0.264,0.217,1,42088\
48039,US,TX,Brazoria County,county,,iso1:us#iso2:us-tx#fips:48039,,374264,0.032,other,6.6,,1.03,0.31,0.43,,0.89,1,1,1,4,1,0,3,38514,527,,,,355,106,6,0.43,14,12,3,0.62,26,,168465,146909,6/18/21,https://covidactnow.org/us/texas-tx/county/brazoria_county,0.45,0.393,0,302972\
48041,US,TX,Brazos County,county,,iso1:us#iso2:us-tx#fips:48041,,229211,0.064,other,4.7,,0.91,0.4,0.17,,0.83,1,1,1,4,1,0,2,27848,257,,,,674,326,23,0.64,42,35,4,0.55,8,,98151,83020,6/18/21,https://covidactnow.org/us/texas-tx/county/brazos_county,0.428,0.362,0,175380\
48043,US,TX,Brewster County,county,,iso1:us#iso2:us-tx#fips:48043,,9203,,other,7.8,,1.02,1.21,,,,1,4,1,4,1,4,4,939,16,,,,25,5,1,0.35,2,0,0,0.11,0,,4635,3925,6/18/21,https://covidactnow.org/us/texas-tx/county/brewster_county,0.504,0.426,0,8113\
48045,US,TX,Briscoe County,county,,iso1:us#iso2:us-tx#fips:48045,,1546,,other,9.2,,,,,,,1,4,1,4,4,4,4,168,6,,,,,,0,,,,0,,0,,492,451,6/18/21,https://covidactnow.org/us/texas-tx/county/briscoe_county,0.318,0.292,0,919\
48047,US,TX,Brooks County,county,,iso1:us#iso2:us-tx#fips:48047,,7093,0.034,other,22.2,,1.16,1.03,,,,2,1,2,4,2,4,4,848,36,,,,,,0,,,,0,,1,,3339,2861,6/18/21,https://covidactnow.org/us/texas-tx/county/brooks_county,0.471,0.403,0,6090\
48049,US,TX,Brown County,county,,iso1:us#iso2:us-tx#fips:48049,,37864,0.03,other,5.3,,0.85,0.8,,,0.79,1,0,1,4,0,4,1,4328,138,,,,188,28,1,0.39,8,6,1,0.25,0,,11497,10368,6/18/21,https://covidactnow.org/us/texas-tx/county/brown_county,0.304,0.274,0,18537\
48051,US,TX,Burleson County,county,,iso1:us#iso2:us-tx#fips:48051,,18443,0.048,other,7.7,,1.05,1.02,0.85,,,1,1,1,4,1,3,4,2461,48,,,,25,13,0,0.36,2,0,1,,3,,6839,6063,6/18/21,https://covidactnow.org/us/texas-tx/county/burleson_county,0.371,0.329,0,12084\
48053,US,TX,Burnet County,county,,iso1:us#iso2:us-tx#fips:48053,,48155,0.069,other,7.1,,1,0.75,,,0.57,1,1,1,4,1,4,0,4848,66,,,,71,40,0,0.41,8,4,0,0.44,2,,19625,16844,6/18/21,https://covidactnow.org/us/texas-tx/county/burnet_county,0.408,0.35,0,34281\
48055,US,TX,Caldwell County,county,,iso1:us#iso2:us-tx#fips:48055,,43664,0.08,other,9.2,,0.98,0.94,,,,1,1,1,4,1,4,4,5750,99,,,,66,37,0,0.64,10,9,4,,3,,17571,14289,6/18/21,https://covidactnow.org/us/texas-tx/county/caldwell_county,0.402,0.327,0,30123\
48057,US,TX,Calhoun County,county,,iso1:us#iso2:us-tx#fips:48057,,21290,0.089,other,12.7,,0.77,0.75,,,0.65,2,1,2,4,0,4,0,2296,25,,,,25,11,1,0.4,5,3,1,0.2,1,,8556,7565,6/18/21,https://covidactnow.org/us/texas-tx/county/calhoun_county,0.402,0.355,0,14828\
48059,US,TX,Callahan County,county,,iso1:us#iso2:us-tx#fips:48059,,13943,0.05,other,6.1,,1.04,1.22,,,,1,1,1,4,1,4,4,1214,41,,,,,,1,,,,0,,2,,3964,3491,6/18/21,https://covidactnow.org/us/texas-tx/county/callahan_county,0.284,0.25,1,6949\
48061,US,TX,Cameron County,county,,iso1:us#iso2:us-tx#fips:48061,,423163,0.074,other,9.4,,1.19,0.28,0.14,,0.82,2,1,1,4,2,0,2,41773,1676,,,,1418,740,34,0.58,104,86,8,0.68,32,,248697,207168,6/18/21,https://covidactnow.org/us/texas-tx/county/cameron_county,0.588,0.49,0,441710\
48063,US,TX,Camp County,county,,iso1:us#iso2:us-tx#fips:48063,,13094,0.071,other,3.3,,1.02,1.16,0,,,1,1,1,4,1,0,4,1267,44,,,,25,11,0,0.32,4,,0,,1,,4128,3439,6/18/21,https://covidactnow.org/us/texas-tx/county/camp_county,0.315,0.263,0,7318\
48065,US,TX,Carson County,county,,iso1:us#iso2:us-tx#fips:48065,,5926,0.033,other,24.1,,1.06,0.82,,,,2,1,2,4,1,4,4,580,14,,,,,,0,,,,0,,3,,1584,1381,6/18/21,https://covidactnow.org/us/texas-tx/county/carson_county,0.267,0.233,0,2892\
48067,US,TX,Cass County,county,,iso1:us#iso2:us-tx#fips:48067,,30026,0.059,other,2.9,,0.88,1.07,inf,,,1,1,1,4,0,4,4,1977,84,,,,43,,4,,0,,2,,1,,7668,6501,6/18/21,https://covidactnow.org/us/texas-tx/county/cass_county,0.255,0.217,1,13087\
48069,US,TX,Castro County,county,,iso1:us#iso2:us-tx#fips:48069,,7530,,other,13.3,,0.96,0.85,,,,2,4,2,4,1,4,4,1047,32,,,,17,3,1,0.16,0,,0,,2,,2383,1956,6/18/21,https://covidactnow.org/us/texas-tx/county/castro_county,0.316,0.26,0,4193\
48071,US,TX,Chambers County,county,,iso1:us#iso2:us-tx#fips:48071,,43837,0.057,other,8.8,,0.74,0.72,inf,,,1,1,1,4,0,4,4,5194,56,,,,39,7,0,0.09,0,,1,,0,,15035,10884,6/18/21,https://covidactnow.org/us/texas-tx/county/chambers_county,0.343,0.248,0,25209\
48073,US,TX,Cherokee County,county,,iso1:us#iso2:us-tx#fips:48073,,52646,0.009,other,4.1,,0.94,0.94,0.79,,0.33,1,0,1,4,1,3,0,4294,144,,,,388,34,3,0.76,4,1,1,,2,,14563,12462,6/18/21,https://covidactnow.org/us/texas-tx/county/cherokee_county,0.277,0.237,0,25281\
48075,US,TX,Childress County,county,,iso1:us#iso2:us-tx#fips:48075,,7306,,other,18.2,,1.16,1.17,,,,2,4,2,4,2,4,4,1383,17,,,,39,8,0,0.19,0,,0,,4,,2888,2651,6/18/21,https://covidactnow.org/us/texas-tx/county/childress_county,0.395,0.363,0,4930\
48077,US,TX,Clay County,county,,iso1:us#iso2:us-tx#fips:48077,,10471,0.056,other,5.5,,1.03,1.16,,,,1,1,1,4,1,4,4,1042,16,,,,25,2,0,0.06,0,,0,,1,,3631,3376,6/18/21,https://covidactnow.org/us/texas-tx/county/clay_county,0.347,0.322,0,6740\
48079,US,TX,Cochran County,county,,iso1:us#iso2:us-tx#fips:48079,,2853,,other,20,,,,,,,2,4,2,4,4,4,4,330,15,,,,18,3,0,0,0,,0,,4,,865,789,6/18/21,https://covidactnow.org/us/texas-tx/county/cochran_county,0.303,0.277,0,1478\
48081,US,TX,Coke County,county,,iso1:us#iso2:us-tx#fips:48081,,3387,,other,8.4,,1,1.17,,,,1,4,1,4,1,4,4,469,13,,,,,,0,,,,0,,0,,1076,934,6/18/21,https://covidactnow.org/us/texas-tx/county/coke_county,0.318,0.276,0,1949\
48083,US,TX,Coleman County,county,,iso1:us#iso2:us-tx#fips:48083,,8175,,other,0,,1,1.17,,,,0,4,0,4,1,4,4,755,33,,,,25,6,1,0.32,0,,0,,0,,2423,2175,6/18/21,https://covidactnow.org/us/texas-tx/county/coleman_county,0.296,0.266,0,4372\
48085,US,TX,Collin County,county,,iso1:us#iso2:us-tx#fips:48085,,1034730,0.019,other,3.7,,,,0.07,,0.93,1,0,1,4,4,0,3,90319,838,,,,2827,1526,29,0.69,238,222,11,0.58,11,,565708,488710,6/18/21,https://covidactnow.org/us/texas-tx/county/collin_county,0.547,0.472,0,1027044\
48087,US,TX,Collingsworth County,county,,iso1:us#iso2:us-tx#fips:48087,,2920,,other,0,,1,1.17,,,,0,4,0,4,1,4,4,329,9,,,,15,0,0,0.19,0,,0,,0,,826,717,6/18/21,https://covidactnow.org/us/texas-tx/county/collingsworth_county,0.283,0.246,0,1429\
48089,US,TX,Colorado County,county,,iso1:us#iso2:us-tx#fips:48089,,21493,0.018,other,3.1,,1.12,1.19,0,,,2,0,1,4,2,0,4,1743,32,,,,103,15,1,0.18,0,0,0,,1,,9042,7972,6/18/21,https://covidactnow.org/us/texas-tx/county/colorado_county,0.421,0.371,0,15500\
48091,US,TX,Comal County,county,,iso1:us#iso2:us-tx#fips:48091,,156209,0.083,other,9.3,,1.02,0.39,0.03,,0.42,1,1,1,4,1,0,0,11113,323,,,,340,85,4,0.55,22,9,0,0.44,11,,76261,64364,6/18/21,https://covidactnow.org/us/texas-tx/county/comal_county,0.488,0.412,0,133552\
48093,US,TX,Comanche County,county,,iso1:us#iso2:us-tx#fips:48093,,13635,,other,4.2,,1.02,1.16,,,,1,4,1,4,1,4,4,1567,51,,,,25,7,1,0.29,0,,0,,2,,4713,4216,6/18/21,https://covidactnow.org/us/texas-tx/county/comanche_county,0.346,0.309,0,8342\
48095,US,TX,Concho County,county,,iso1:us#iso2:us-tx#fips:48095,,2726,,other,26.2,,1.02,1.16,,,,3,4,3,4,1,4,4,477,8,,,,16,1,2,0.06,0,,0,,2,,1173,931,6/18/21,https://covidactnow.org/us/texas-tx/county/concho_county,0.43,0.342,0,2008\
48097,US,TX,Cooke County,county,,iso1:us#iso2:us-tx#fips:48097,,41257,0.018,other,2.4,,1.16,1.15,0.25,,0.73,2,0,1,4,2,0,1,3799,72,,,,78,22,1,0.38,4,3,0,0.49,5,,12805,11018,6/18/21,https://covidactnow.org/us/texas-tx/county/cooke_county,0.31,0.267,0,22771\
48099,US,TX,Coryell County,county,,iso1:us#iso2:us-tx#fips:48099,,75951,0.012,other,4.6,,0.72,0.78,2.54,,1,1,0,1,4,0,3,3,7332,87,,,,25,6,2,0.31,0,2,1,,0,,21110,17304,6/18/21,https://covidactnow.org/us/texas-tx/county/coryell_county,0.278,0.228,0,36883\
48101,US,TX,Cottle County,county,,iso1:us#iso2:us-tx#fips:48101,,1398,,other,0,,,,,,,0,4,0,4,4,4,4,191,7,,,,,,0,,,,0,,0,,451,403,6/18/21,https://covidactnow.org/us/texas-tx/county/cottle_county,0.323,0.288,0,798\
48103,US,TX,Crane County,county,,iso1:us#iso2:us-tx#fips:48103,,4797,,other,3,,1.01,1.17,,,,1,4,1,4,1,4,4,540,12,,,,25,8,0,0.07,2,,0,,0,,1404,912,6/18/21,https://covidactnow.org/us/texas-tx/county/crane_county,0.293,0.19,0,2290\
48105,US,TX,Crockett County,county,,iso1:us#iso2:us-tx#fips:48105,,3464,,other,16.5,,1.14,1.04,,,,2,4,2,4,2,4,4,594,15,,,,,,0,,,,0,,0,,1213,1060,6/18/21,https://covidactnow.org/us/texas-tx/county/crockett_county,0.35,0.306,0,2241\
48107,US,TX,Crosby County,county,,iso1:us#iso2:us-tx#fips:48107,,5737,0.056,other,62.3,,1.2,0.75,,,,3,1,3,4,2,4,4,713,29,,,,25,0,0,0.07,0,,0,,2,,2024,1854,6/18/21,https://covidactnow.org/us/texas-tx/county/crosby_county,0.353,0.323,0,3805\
48109,US,TX,Culberson County,county,,iso1:us#iso2:us-tx#fips:48109,,2171,,other,19.7,,1,1.17,,,,2,4,2,4,1,4,4,366,11,,,,14,0,0,0.2,0,,0,,0,,1034,911,6/18/21,https://covidactnow.org/us/texas-tx/county/culberson_county,0.476,0.42,0,1935\
48111,US,TX,Dallam County,county,,iso1:us#iso2:us-tx#fips:48111,,7287,,other,2.3,,,,,,,1,4,1,4,4,4,4,989,26,,,,,10,0,,,,0,,0,,2585,1993,6/18/21,https://covidactnow.org/us/texas-tx/county/dallam_county,0.355,0.274,0,4531\
48113,US,TX,Dallas County,county,,iso1:us#iso2:us-tx#fips:48113,,2635516,0.023,other,4,,1.05,0.16,0.11,,0.86,1,0,1,4,1,0,3,295758,4105,,,,9374,5078,116,0.66,631,544,34,0.71,112,,1224416,1019647,6/18/21,https://covidactnow.org/us/texas-tx/county/dallas_county,0.465,0.387,5,2168465\
48115,US,TX,Dawson County,county,,iso1:us#iso2:us-tx#fips:48115,,12728,0.011,other,0,,1,1.17,,,,0,0,0,4,1,4,4,1740,69,,,,22,3,0,0.13,9,7,3,,0,,3278,2837,6/18/21,https://covidactnow.org/us/texas-tx/county/dawson_county,0.258,0.223,0,5731\
48117,US,TX,Deaf Smith County,county,,iso1:us#iso2:us-tx#fips:48117,,18546,0.048,other,21.6,,0.94,0.73,1.06,,,2,1,2,4,1,3,4,2923,68,,,,42,4,1,0.12,2,0,1,,5,,5620,4786,6/18/21,https://covidactnow.org/us/texas-tx/county/deaf_smith_county,0.303,0.258,0,9781\
48119,US,TX,Delta County,county,,iso1:us#iso2:us-tx#fips:48119,,5331,,other,0,,,,,,,0,4,0,4,4,4,4,323,12,,,,,,1,,,,0,,0,,1389,1226,6/18/21,https://covidactnow.org/us/texas-tx/county/delta_county,0.261,0.23,0,2521\
48121,US,TX,Denton County,county,,iso1:us#iso2:us-tx#fips:48121,,887207,0.025,other,3.7,,0.97,0.26,0.25,,0.75,1,0,1,4,1,0,1,76680,772,,,,1592,632,24,0.58,72,54,10,0.63,44,,441594,377547,6/18/21,https://covidactnow.org/us/texas-tx/county/denton_county,0.498,0.426,0,795713\
48123,US,TX,DeWitt County,county,,iso1:us#iso2:us-tx#fips:48123,,20160,0.029,other,1.4,,1,1.17,0.83,,0.44,1,0,1,4,1,3,0,1983,60,,,,49,12,1,0.22,4,2,1,,0,,6904,5744,6/18/21,https://covidactnow.org/us/texas-tx/county/de_witt_county,0.342,0.285,0,12034\
48125,US,TX,Dickens County,county,,iso1:us#iso2:us-tx#fips:48125,,2211,,other,0,,,,,,,0,4,0,4,4,4,4,187,10,,,,,,0,,,,0,,0,,573,531,6/18/21,https://covidactnow.org/us/texas-tx/county/dickens_county,0.259,0.24,0,1030\
48127,US,TX,Dimmit County,county,,iso1:us#iso2:us-tx#fips:48127,,10124,0.097,other,69.1,,0.99,0.54,,,,3,1,3,4,1,4,4,2383,37,,,,25,17,0,0.21,4,0,0,,0,,5498,4078,6/18/21,https://covidactnow.org/us/texas-tx/county/dimmit_county,0.543,0.403,0,9519\
48129,US,TX,Donley County,county,,iso1:us#iso2:us-tx#fips:48129,,3278,,other,8.7,,,,,,,1,4,1,4,4,4,4,420,15,,,,,,0,,,,0,,0,,1052,899,6/18/21,https://covidactnow.org/us/texas-tx/county/donley_county,0.321,0.274,0,1893\
48131,US,TX,Duval County,county,,iso1:us#iso2:us-tx#fips:48131,,11157,0.012,other,5.1,,0.98,1.17,,,,1,0,1,4,1,4,4,1275,41,,,,,,1,,,,0,,0,,5444,4520,6/18/21,https://covidactnow.org/us/texas-tx/county/duval_county,0.488,0.405,0,9527\
48133,US,TX,Eastland County,county,,iso1:us#iso2:us-tx#fips:48133,,18360,0.05,other,2.3,,1.03,1.19,0.64,,,1,1,1,4,1,2,4,1369,50,,,,52,5,3,0.24,1,1,1,,1,,5217,4371,6/18/21,https://covidactnow.org/us/texas-tx/county/eastland_county,0.284,0.238,0,8883\
48135,US,TX,Ector County,county,,iso1:us#iso2:us-tx#fips:48135,,166223,0.022,other,3.1,,0.82,0.76,0.06,,0.64,1,0,1,4,0,0,0,17491,377,,,,652,294,6,0.55,54,35,1,0.67,13,,51571,43859,6/18/21,https://covidactnow.org/us/texas-tx/county/ector_county,0.31,0.264,0,92817\
48137,US,TX,Edwards County,county,,iso1:us#iso2:us-tx#fips:48137,,1932,,other,0,,,,,,,0,4,0,4,4,4,4,220,6,,,,,,0,,,,0,,0,,593,502,6/18/21,https://covidactnow.org/us/texas-tx/county/edwards_county,0.307,0.26,0,1071\
48139,US,TX,Ellis County,county,,iso1:us#iso2:us-tx#fips:48139,,184826,0.036,other,6.6,,1.01,0.5,0.23,,0.74,1,1,1,4,1,0,1,23234,323,,,,189,110,6,0.49,13,10,2,0.44,51,,72891,61187,6/18/21,https://covidactnow.org/us/texas-tx/county/ellis_county,0.394,0.331,1,129237\
48141,US,TX,El Paso County,county,,iso1:us#iso2:us-tx#fips:48141,,839238,0.018,other,1.2,,0.67,0.36,0.15,,0.88,1,0,1,4,0,0,3,136375,2728,,,,2719,1336,49,0.62,246,217,19,0.7,13,,505688,418986,6/18/21,https://covidactnow.org/us/texas-tx/county/el_paso_county,0.603,0.499,1,898822\
48143,US,TX,Erath County,county,,iso1:us#iso2:us-tx#fips:48143,,42698,0.045,other,3.3,,1.29,1.05,,,0.75,2,1,1,4,2,4,1,4238,70,,,,98,5,1,0.3,5,3,0,0.27,6,,11823,10286,6/18/21,https://covidactnow.org/us/texas-tx/county/erath_county,0.277,0.241,0,21190\
48145,US,TX,Falls County,county,,iso1:us#iso2:us-tx#fips:48145,,17297,0.011,other,3.9,,1.23,1.08,0,,,2,0,1,4,2,0,4,2105,32,,,,36,3,1,0.09,0,,0,,1,,5778,4747,6/18/21,https://covidactnow.org/us/texas-tx/county/falls_county,0.334,0.274,0,10248\
48147,US,TX,Fannin County,county,,iso1:us#iso2:us-tx#fips:48147,,35514,0.006,other,3.3,,1.15,1.1,,,,2,0,1,4,2,4,4,3485,109,,,,317,16,1,0.49,2,,2,0.04,7,,10844,9545,6/18/21,https://covidactnow.org/us/texas-tx/county/fannin_county,0.305,0.269,0,18933\
48149,US,TX,Fayette County,county,,iso1:us#iso2:us-tx#fips:48149,,25346,0.031,other,2.8,,1.01,1.17,,,,1,1,1,4,1,4,4,2752,67,,,,65,13,2,0.26,0,,0,,0,,10229,8525,6/18/21,https://covidactnow.org/us/texas-tx/county/fayette_county,0.404,0.336,0,17405\
48151,US,TX,Fisher County,county,,iso1:us#iso2:us-tx#fips:48151,,3830,,other,0,,,,,,,0,4,0,4,4,4,4,306,14,,,,14,2,0,0.11,0,,0,,0,,1086,977,6/18/21,https://covidactnow.org/us/texas-tx/county/fisher_county,0.284,0.255,0,1922\
48153,US,TX,Floyd County,county,,iso1:us#iso2:us-tx#fips:48153,,5712,,other,5,,0.95,1.2,,,,1,4,1,4,1,4,4,896,30,,,,25,2,0,0.16,0,,0,,0,,1947,1775,6/18/21,https://covidactnow.org/us/texas-tx/county/floyd_county,0.341,0.311,0,3566\
48155,US,TX,Foard County,county,,iso1:us#iso2:us-tx#fips:48155,,1155,,other,0,,,,,,,0,4,0,4,4,4,4,124,10,,,,,,0,,,,0,,0,,420,340,6/18/21,https://covidactnow.org/us/texas-tx/county/foard_county,0.364,0.294,0,728\
48157,US,TX,Fort Bend County,county,,iso1:us#iso2:us-tx#fips:48157,,811688,0.032,other,3.7,,0.97,0.22,0.08,,0.73,1,1,1,4,1,0,1,69538,692,,,,1165,630,16,0.6,81,59,4,0.53,27,,469571,397089,6/18/21,https://covidactnow.org/us/texas-tx/county/fort_bend_county,0.579,0.489,1,840260\
48159,US,TX,Franklin County,county,,iso1:us#iso2:us-tx#fips:48159,,10725,0.111,other,0,,1,1.17,,,,0,2,0,4,1,4,4,739,26,,,,,,1,,,,0,,0,,3071,2599,6/18/21,https://covidactnow.org/us/texas-tx/county/franklin_county,0.286,0.242,0,5303\
48161,US,TX,Freestone County,county,,iso1:us#iso2:us-tx#fips:48161,,19717,0.021,other,3.4,,0.92,1.18,,,,1,0,1,4,1,4,4,1968,50,,,,37,3,1,0.12,0,,0,,0,,5626,4541,6/18/21,https://covidactnow.org/us/texas-tx/county/freestone_county,0.285,0.23,0,9521\
48163,US,TX,Frio County,county,,iso1:us#iso2:us-tx#fips:48163,,20306,0.02,other,9,,0.8,0.75,,,,1,0,1,4,0,4,4,2684,52,,,,24,7,0,0.22,0,,0,,5,,7011,5625,6/18/21,https://covidactnow.org/us/texas-tx/county/frio_county,0.345,0.277,0,11820\
48165,US,TX,Gaines County,county,,iso1:us#iso2:us-tx#fips:48165,,21492,0.042,other,0.7,,1.06,1.2,0.01,,,0,1,0,4,1,0,4,1461,45,,,,33,6,2,0.45,94,93,33,,0,,3343,2979,6/18/21,https://covidactnow.org/us/texas-tx/county/gaines_county,0.156,0.139,0,5846\
48167,US,TX,Galveston County,county,,iso1:us#iso2:us-tx#fips:48167,,342139,0.029,other,8.9,,0.99,0.29,0.1,,0.93,1,0,1,4,1,0,3,40841,439,,,,946,580,24,0.68,111,103,5,,31,,159623,142868,6/18/21,https://covidactnow.org/us/texas-tx/county/galveston_county,0.467,0.418,0,295145\
48169,US,TX,Garza County,county,,iso1:us#iso2:us-tx#fips:48169,,6229,0.034,other,58.9,,1.23,0.82,,,,3,1,3,4,2,4,4,545,22,,,,,,0,,,,0,,10,,2751,2379,6/18/21,https://covidactnow.org/us/texas-tx/county/garza_county,0.442,0.382,0,4138\
48171,US,TX,Gillespie County,county,,iso1:us#iso2:us-tx#fips:48171,,26988,0.033,other,3.2,,1.01,0.88,0.56,,0.83,1,1,1,4,1,1,2,2525,52,,,,84,19,1,0.36,3,2,1,0.24,2,,12198,10618,6/18/21,https://covidactnow.org/us/texas-tx/county/gillespie_county,0.452,0.393,1,22074\
48173,US,TX,Glasscock County,county,,iso1:us#iso2:us-tx#fips:48173,,1409,,other,10.1,,1,1.17,,,,2,4,2,4,1,4,4,105,2,,,,,,0,,,,0,,0,,493,427,6/18/21,https://covidactnow.org/us/texas-tx/county/glasscock_county,0.35,0.303,0,889\
48175,US,TX,Goliad County,county,,iso1:us#iso2:us-tx#fips:48175,,7658,0.046,other,0,,0.97,1.18,,,,0,1,0,4,1,4,4,478,15,,,,,,1,,,,0,,0,,2512,2277,6/18/21,https://covidactnow.org/us/texas-tx/county/goliad_county,0.328,0.297,0,4550\
48177,US,TX,Gonzales County,county,,iso1:us#iso2:us-tx#fips:48177,,20837,0.062,other,2.1,,1.2,1.02,0,,,2,1,1,4,2,0,4,2535,57,,,,34,10,1,0.18,1,1,0,,0,,7474,6770,6/18/21,https://covidactnow.org/us/texas-tx/county/gonzales_county,0.359,0.325,0,12964\
48179,US,TX,Gray County,county,,iso1:us#iso2:us-tx#fips:48179,,21886,0.048,other,41.9,,1.1,0.56,,,0.21,3,1,3,4,1,4,0,2467,57,,,,109,14,0,0.13,7,1,0,0.27,14,,6458,5592,6/18/21,https://covidactnow.org/us/texas-tx/county/gray_county,0.295,0.256,0,11370\
48181,US,TX,Grayson County,county,,iso1:us#iso2:us-tx#fips:48181,,136212,0.029,other,0.6,,0.86,0.96,0.11,,0.85,0,0,0,4,0,0,2,11374,345,,,,717,399,7,0.57,63,54,4,0.63,0,,45930,39977,6/18/21,https://covidactnow.org/us/texas-tx/county/grayson_county,0.337,0.293,0,78731\
48183,US,TX,Gregg County,county,,iso1:us#iso2:us-tx#fips:48183,,123945,0.038,other,2.9,,0.64,0.8,0.03,,0.92,1,1,1,4,0,0,3,11388,360,,,,841,189,3,0.5,48,44,1,0.52,0,,41816,35996,6/18/21,https://covidactnow.org/us/texas-tx/county/gregg_county,0.337,0.29,1,75563\
48185,US,TX,Grimes County,county,,iso1:us#iso2:us-tx#fips:48185,,28880,0.012,other,12.1,,0.95,0.8,inf,,,2,0,2,4,1,4,4,3789,72,,,,25,6,0,0.32,0,,1,,4,,11670,9838,6/18/21,https://covidactnow.org/us/texas-tx/county/grimes_county,0.404,0.341,0,20384\
48187,US,TX,Guadalupe County,county,,iso1:us#iso2:us-tx#fips:48187,,166847,0.033,other,8.7,,1.07,0.32,0.21,,0.7,1,1,1,4,1,0,0,13936,222,,,,161,50,3,0.32,8,6,1,0.51,12,,70465,60776,6/18/21,https://covidactnow.org/us/texas-tx/county/guadalupe_county,0.422,0.364,0,121754\
48189,US,TX,Hale County,county,,iso1:us#iso2:us-tx#fips:48189,,33406,0.031,other,4.3,,1.06,1.02,,,0.14,1,1,1,4,1,4,0,6171,156,,,,88,13,1,0.4,5,0,0,0.73,0,,9996,8913,6/18/21,https://covidactnow.org/us/texas-tx/county/hale_county,0.299,0.267,0,17573\
48191,US,TX,Hall County,county,,iso1:us#iso2:us-tx#fips:48191,,2964,,other,0,,0.98,1.17,,,,0,4,0,4,1,4,4,496,14,,,,,,0,,,,0,,0,,1080,956,6/18/21,https://covidactnow.org/us/texas-tx/county/hall_county,0.364,0.323,0,1899\
48193,US,TX,Hamilton County,county,,iso1:us#iso2:us-tx#fips:48193,,8461,0.014,other,0,,1,1.17,,,,0,0,0,4,1,4,4,783,27,,,,42,10,0,0.2,0,,0,,0,,3243,2824,6/18/21,https://covidactnow.org/us/texas-tx/county/hamilton_county,0.383,0.334,0,5555\
48195,US,TX,Hansford County,county,,iso1:us#iso2:us-tx#fips:48195,,5399,,other,15.9,,1.04,1,,,,2,4,2,4,1,4,4,933,24,,,,14,2,0,0.17,0,,0,,3,,1806,1653,6/18/21,https://covidactnow.org/us/texas-tx/county/hansford_county,0.335,0.306,0,3066\
48197,US,TX,Hardeman County,county,,iso1:us#iso2:us-tx#fips:48197,,3933,0.333,other,3.6,,1,1.17,0.08,,,3,3,1,4,1,0,4,385,12,,,,45,2,1,0.06,4,4,0,,1,,1410,1289,6/18/21,https://covidactnow.org/us/texas-tx/county/hardeman_county,0.359,0.328,0,2482\
48199,US,TX,Hardin County,county,,iso1:us#iso2:us-tx#fips:48199,,57602,0.018,other,4,,0.71,0.75,0.42,,,1,0,1,4,0,0,4,6024,114,,,,,0,2,,5,5,1,,3,,15802,13352,6/18/21,https://covidactnow.org/us/texas-tx/county/hardin_county,0.274,0.232,0,28237\
48201,US,TX,Harris County,county,,iso1:us#iso2:us-tx#fips:48201,,4713325,0.034,other,4,,0.87,0.11,0.17,,0.81,1,1,1,4,0,0,2,384730,6534,,,,18060,9639,384,0.68,1281,1043,116,0.68,95,,2250427,1854507,6/18/21,https://covidactnow.org/us/texas-tx/county/harris_county,0.477,0.393,9,3933871\
48203,US,TX,Harrison County,county,,iso1:us#iso2:us-tx#fips:48203,,66553,0.002,other,3.6,,0.94,0.95,0.08,,,1,0,1,4,1,0,4,4951,110,,,,336,,4,0.55,42,,2,0.6,6,,18590,15876,6/18/21,https://covidactnow.org/us/texas-tx/county/harrison_county,0.279,0.239,0,32027\
48205,US,TX,Hartley County,county,,iso1:us#iso2:us-tx#fips:48205,,5576,,other,5.1,,0.95,1.11,,,,1,4,1,4,1,4,4,661,2,,,,21,,0,0.24,0,,0,,0,,2221,1731,6/18/21,https://covidactnow.org/us/texas-tx/county/hartley_county,0.398,0.31,0,3927\
48207,US,TX,Haskell County,county,,iso1:us#iso2:us-tx#fips:48207,,5658,0.04,other,0,,1.11,1.13,,,,0,1,0,4,2,4,4,457,27,,,,25,1,1,0.09,0,,0,,0,,1939,1653,6/18/21,https://covidactnow.org/us/texas-tx/county/haskell_county,0.343,0.292,0,3440\
48209,US,TX,Hays County,county,,iso1:us#iso2:us-tx#fips:48209,,230191,0.045,other,3.7,,0.86,0.5,0.19,,0.83,1,1,1,4,0,0,2,21073,257,,,,388,229,16,0.47,50,41,7,0.43,5,,116299,96613,6/18/21,https://covidactnow.org/us/texas-tx/county/hays_county,0.505,0.42,0,203230\
48211,US,TX,Hemphill County,county,,iso1:us#iso2:us-tx#fips:48211,,3819,,other,3.7,,1,1.17,0.03,,,1,4,1,4,1,0,4,586,3,,,,26,5,1,0.08,6,6,3,,0,,1319,1219,6/18/21,https://covidactnow.org/us/texas-tx/county/hemphill_county,0.345,0.319,0,2244\
48213,US,TX,Henderson County,county,,iso1:us#iso2:us-tx#fips:48213,,82737,0.062,other,2.8,,0.8,0.88,,,0.72,1,1,1,4,0,4,1,6014,194,,,,127,43,0,0.39,7,5,2,0.52,0,,25298,21860,6/18/21,https://covidactnow.org/us/texas-tx/county/henderson_county,0.306,0.264,0,44697\
48215,US,TX,Hidalgo County,county,,iso1:us#iso2:us-tx#fips:48215,,868707,0.041,other,5.6,,1.02,0.21,0.24,,0.74,1,1,1,4,1,0,1,90309,2896,,,,3009,1190,75,0.55,173,129,28,0.54,25,,486712,406223,6/18/21,https://covidactnow.org/us/texas-tx/county/hidalgo_county,0.56,0.468,2,862265\
48217,US,TX,Hill County,county,,iso1:us#iso2:us-tx#fips:48217,,36649,0.053,other,3.5,,0.95,0.98,inf,,,1,1,1,4,1,4,4,4549,109,,,,25,16,0,0.24,0,,1,,4,,11695,10103,6/18/21,https://covidactnow.org/us/texas-tx/county/hill_county,0.319,0.276,0,20000\
48219,US,TX,Hockley County,county,,iso1:us#iso2:us-tx#fips:48219,,23021,0.053,other,34.1,,0.92,0.51,,,,3,1,3,4,1,4,4,3033,103,,,,48,3,1,0.14,1,1,0,,17,,7495,6569,6/18/21,https://covidactnow.org/us/texas-tx/county/hockley_county,0.326,0.285,0,13233\
48221,US,TX,Hood County,county,,iso1:us#iso2:us-tx#fips:48221,,61643,0.035,other,3.2,,1,0.96,0.12,,0.52,1,1,1,4,1,0,0,6623,133,,,,73,35,1,0.67,11,6,1,0.32,6,,24297,22041,6/18/21,https://covidactnow.org/us/texas-tx/county/hood_county,0.394,0.358,0,44981\
48223,US,TX,Hopkins County,county,,iso1:us#iso2:us-tx#fips:48223,,37084,0.082,other,5.4,,0.81,0.91,0.13,,0.24,1,1,1,4,0,0,0,3192,114,,,,96,37,3,0.49,17,4,1,0.4,2,,10769,9386,6/18/21,https://covidactnow.org/us/texas-tx/county/hopkins_county,0.29,0.253,0,19291\
48225,US,TX,Houston County,county,,iso1:us#iso2:us-tx#fips:48225,,22968,0.01,other,3.6,,0.86,1.19,,,,1,0,1,4,0,4,4,1684,58,,,,,5,0,,,,1,,1,,7385,5926,6/18/21,https://covidactnow.org/us/texas-tx/county/houston_county,0.322,0.258,0,12454\
48227,US,TX,Howard County,county,,iso1:us#iso2:us-tx#fips:48227,,36664,0.013,other,5.1,,1.08,1.03,0.18,,0.14,1,0,1,4,1,0,0,4694,101,,,,346,23,0,0.7,7,1,1,0.39,0,,9765,7383,6/18/21,https://covidactnow.org/us/texas-tx/county/howard_county,0.266,0.201,0,15814\
48229,US,TX,Hudspeth County,county,,iso1:us#iso2:us-tx#fips:48229,,4886,0.286,other,5.8,,1,1.17,,,,3,3,1,4,1,4,4,539,12,,,,,,0,,,,0,,0,,2672,2331,6/18/21,https://covidactnow.org/us/texas-tx/county/hudspeth_county,0.547,0.477,0,4574\
48231,US,TX,Hunt County,county,,iso1:us#iso2:us-tx#fips:48231,,98594,0.074,other,15.1,,1.45,0.69,0.11,,0.94,3,1,2,4,3,0,3,6199,179,,,,221,128,2,0.66,15,14,1,0.58,3,,29948,25729,6/18/21,https://covidactnow.org/us/texas-tx/county/hunt_county,0.304,0.261,0,52981\
48233,US,TX,Hutchinson County,county,,iso1:us#iso2:us-tx#fips:48233,,20938,0.05,other,59.4,,1.06,0.47,,,,3,1,3,4,1,4,4,2270,72,,,,25,8,0,0.29,1,0,1,0.08,23,,5758,4897,6/18/21,https://covidactnow.org/us/texas-tx/county/hutchinson_county,0.275,0.234,0,10380\
48235,US,TX,Irion County,county,,iso1:us#iso2:us-tx#fips:48235,,1536,,other,0,,,,,,,0,4,0,4,4,4,4,129,1,,,,,,0,,,,0,,0,,502,434,6/18/21,https://covidactnow.org/us/texas-tx/county/irion_county,0.327,0.283,0,914\
48237,US,TX,Jack County,county,,iso1:us#iso2:us-tx#fips:48237,,8935,0.042,other,0,,1,1.17,,,,0,1,0,4,1,4,4,605,16,,,,17,13,0,0.21,0,,0,,0,,2645,2232,6/18/21,https://covidactnow.org/us/texas-tx/county/jack_county,0.296,0.25,0,4614\
48239,US,TX,Jackson County,county,,iso1:us#iso2:us-tx#fips:48239,,14760,0.041,other,2.9,,1.03,1.01,inf,,,1,1,1,4,1,4,4,1803,31,,,,25,2,0,0.11,0,,1,,0,,5133,4490,6/18/21,https://covidactnow.org/us/texas-tx/county/jackson_county,0.348,0.304,0,9253\
48241,US,TX,Jasper County,county,,iso1:us#iso2:us-tx#fips:48241,,35529,0.07,other,4.8,,1.08,0.87,,,,1,1,1,4,1,4,4,2531,93,,,,59,4,1,0.15,6,3,0,0,0,,9508,8417,6/18/21,https://covidactnow.org/us/texas-tx/county/jasper_county,0.268,0.237,0,17129\
48243,US,TX,Jeff Davis County,county,,iso1:us#iso2:us-tx#fips:48243,,2274,,other,6.3,,,,,,,1,4,1,4,4,4,4,193,5,,,,,,0,,,,0,,0,,1136,1013,6/18/21,https://covidactnow.org/us/texas-tx/county/jeff_davis_county,0.5,0.445,0,2082\
48245,US,TX,Jefferson County,county,,iso1:us#iso2:us-tx#fips:48245,,251565,0.021,other,1.2,,0.8,0.82,0.13,,0.86,1,0,1,4,0,0,3,19833,438,,,,2091,594,18,0.5,74,64,5,0.68,4,,89087,73255,6/18/21,https://covidactnow.org/us/texas-tx/county/jefferson_county,0.354,0.291,1,159687\
48247,US,TX,Jim Hogg County,county,,iso1:us#iso2:us-tx#fips:48247,,5200,0.015,other,2.7,,1,1.17,,,,1,0,1,4,1,4,4,620,16,,,,,,0,,,,0,,0,,2646,2106,6/18/21,https://covidactnow.org/us/texas-tx/county/jim_hogg_county,0.509,0.405,0,4712\
48249,US,TX,Jim Wells County,county,,iso1:us#iso2:us-tx#fips:48249,,40482,0.062,other,7.1,,0.95,0.77,,,0.85,1,1,1,4,1,4,2,4378,107,,,,135,23,0,0.29,5,4,1,0.36,4,,17618,14995,6/18/21,https://covidactnow.org/us/texas-tx/county/jim_wells_county,0.435,0.37,0,31745\
48251,US,TX,Johnson County,county,,iso1:us#iso2:us-tx#fips:48251,,175817,0.042,other,4,,0.86,0.62,0.16,,0.7,1,1,1,4,0,0,0,20081,374,,,,137,184,5,0.28,24,17,2,0.6,21,,59447,51543,6/18/21,https://covidactnow.org/us/texas-tx/county/johnson_county,0.338,0.293,0,107423\
48253,US,TX,Jones County,county,,iso1:us#iso2:us-tx#fips:48253,,20083,0.056,other,16.9,,0.77,0.79,,,,2,1,2,4,0,4,4,2602,55,,,,95,2,0,0.29,0,,0,,0,,6362,5513,6/18/21,https://covidactnow.org/us/texas-tx/county/jones_county,0.317,0.275,0,10754\
48255,US,TX,Karnes County,county,,iso1:us#iso2:us-tx#fips:48255,,15601,0.009,other,64.1,,0.89,0.61,0.23,,,3,0,3,4,0,0,4,2200,37,,,,25,8,2,0.16,1,1,4,,8,,6284,5561,6/18/21,https://covidactnow.org/us/texas-tx/county/karnes_county,0.403,0.356,0,10991\
48257,US,TX,Kaufman County,county,,iso1:us#iso2:us-tx#fips:48257,,136154,0.058,other,8.6,,1.01,0.51,0.3,,0.64,1,1,1,4,1,0,0,16447,263,,,,379,14,2,0.8,6,3,1,0.26,41,,51872,42787,6/18/21,https://covidactnow.org/us/texas-tx/county/kaufman_county,0.381,0.314,0,90979\
48259,US,TX,Kendall County,county,,iso1:us#iso2:us-tx#fips:48259,,47431,0.016,other,1.8,,0.87,1.01,,,,1,0,1,4,0,4,4,3359,72,,,,,,2,,,,1,,0,,24121,20473,6/18/21,https://covidactnow.org/us/texas-tx/county/kendall_county,0.509,0.432,0,42537\
48261,US,TX,Kenedy County,county,,iso1:us#iso2:us-tx#fips:48261,,404,,other,0,,,,,,,0,4,0,4,4,4,4,39,2,,,,,,0,,,,0,,0,,184,163,6/18/21,https://covidactnow.org/us/texas-tx/county/kenedy_county,0.455,0.403,0,342\
48263,US,TX,Kent County,county,,iso1:us#iso2:us-tx#fips:48263,,762,,other,0,,,,,,,0,4,0,4,4,4,4,106,2,,,,,,0,,,,0,,0,,238,213,6/18/21,https://covidactnow.org/us/texas-tx/county/kent_county,0.312,0.28,0,422\
48265,US,TX,Kerr County,county,,iso1:us#iso2:us-tx#fips:48265,,52600,0.044,other,4.9,,0.9,0.85,0.25,,0.68,1,1,1,4,0,0,0,4468,90,,,,342,74,3,0.8,10,7,1,0.55,2,,20128,16960,6/18/21,https://covidactnow.org/us/texas-tx/county/kerr_county,0.383,0.322,0,35425\
48267,US,TX,Kimble County,county,,iso1:us#iso2:us-tx#fips:48267,,4337,0.4,other,9.9,,1.11,1.18,,,,3,3,1,4,2,4,4,294,6,,,,15,0,1,0.09,2,2,0,,0,,1599,1358,6/18/21,https://covidactnow.org/us/texas-tx/county/kimble_county,0.369,0.313,0,2822\
48269,US,TX,King County,county,,iso1:us#iso2:us-tx#fips:48269,,272,,other,0,,,,,,,0,4,0,4,4,4,4,11,0,,,,,,0,,,,0,,0,,42,33,6/18/21,https://covidactnow.org/us/texas-tx/county/king_county,0.154,0.121,0,69\
48271,US,TX,Kinney County,county,,iso1:us#iso2:us-tx#fips:48271,,3667,,other,0,,1,1.17,,,,0,4,0,4,1,4,4,332,6,,,,,,0,,,,0,,0,,1311,1061,6/18/21,https://covidactnow.org/us/texas-tx/county/kinney_county,0.358,0.289,0,2324\
48273,US,TX,Kleberg County,county,,iso1:us#iso2:us-tx#fips:48273,,30680,0.054,other,3.3,,1.09,0.96,0.17,,0.96,1,1,1,4,1,0,3,2683,93,,,,96,28,0,0.55,7,6,0,0.61,2,,15575,13348,6/18/21,https://covidactnow.org/us/texas-tx/county/kleberg_county,0.508,0.435,0,28445\
48275,US,TX,Knox County,county,,iso1:us#iso2:us-tx#fips:48275,,3664,,other,0,,,,,,,0,4,0,4,4,4,4,263,17,,,,28,2,1,0.04,9,7,2,,0,,1164,1092,6/18/21,https://covidactnow.org/us/texas-tx/county/knox_county,0.318,0.298,0,2132\
48277,US,TX,Lamar County,county,,iso1:us#iso2:us-tx#fips:48277,,49859,0.079,other,3.2,,0.78,0.82,0.28,,0.59,1,1,1,4,0,0,0,5933,157,,,,469,111,6,0.25,16,9,3,0.47,5,,14686,13121,6/18/21,https://covidactnow.org/us/texas-tx/county/lamar_county,0.295,0.263,0,26605\
48279,US,TX,Lamb County,county,,iso1:us#iso2:us-tx#fips:48279,,12893,0.089,other,22.2,,0.78,0.73,0.09,,,2,1,2,4,0,0,4,2449,83,,,,75,3,1,0.11,24,24,12,,3,,4325,3792,6/18/21,https://covidactnow.org/us/texas-tx/county/lamb_county,0.335,0.294,0,7669\
48281,US,TX,Lampasas County,county,,iso1:us#iso2:us-tx#fips:48281,,21428,0.025,other,2,,1.18,1.13,,,,2,0,1,4,2,4,4,2205,33,,,,25,7,0,0.31,0,,0,,0,,7197,6001,6/18/21,https://covidactnow.org/us/texas-tx/county/lampasas_county,0.336,0.28,0,12280\
48283,US,TX,La Salle County,county,,iso1:us#iso2:us-tx#fips:48283,,7520,0.036,other,6.6,,1,1.17,,,,1,1,1,4,1,4,4,999,30,,,,,,0,,,,0,,1,,3495,3036,6/18/21,https://covidactnow.org/us/texas-tx/county/la_salle_county,0.465,0.404,0,6238\
48285,US,TX,Lavaca County,county,,iso1:us#iso2:us-tx#fips:48285,,20154,0.014,other,5.7,,1.19,1.11,1.01,,,2,0,1,4,2,3,4,2279,76,,,,50,7,2,0.24,0,,1,0.06,4,,7127,6492,6/18/21,https://covidactnow.org/us/texas-tx/county/lavaca_county,0.354,0.322,0,12459\
48287,US,TX,Lee County,county,,iso1:us#iso2:us-tx#fips:48287,,17239,0.089,other,1.7,,1.11,1.13,,,,2,1,1,4,2,4,4,2219,39,,,,,,1,,,,0,,2,,6237,5283,6/18/21,https://covidactnow.org/us/texas-tx/county/lee_county,0.362,0.306,0,10954\
48289,US,TX,Leon County,county,,iso1:us#iso2:us-tx#fips:48289,,17404,0.014,other,1.6,,1.01,1.17,,,,1,0,1,4,1,4,4,1650,43,,,,,,2,,,,1,,0,,5359,4561,6/18/21,https://covidactnow.org/us/texas-tx/county/leon_county,0.308,0.262,0,9003\
48291,US,TX,Liberty County,county,,iso1:us#iso2:us-tx#fips:48291,,88219,0.047,other,6.8,,0.76,0.7,0.51,,,1,1,1,4,0,1,4,8070,190,,,,41,3,1,0.05,4,4,1,,9,,26299,20877,6/18/21,https://covidactnow.org/us/texas-tx/county/liberty_county,0.298,0.237,0,45065\
48293,US,TX,Limestone County,county,,iso1:us#iso2:us-tx#fips:48293,,23437,0.05,other,3,,1.19,1.06,0.12,,0.14,2,1,1,4,2,0,0,2823,80,,,,78,9,0,0.14,6,0,0,0.02,1,,6851,5799,6/18/21,https://covidactnow.org/us/texas-tx/county/limestone_county,0.292,0.247,0,11651\
48295,US,TX,Lipscomb County,county,,iso1:us#iso2:us-tx#fips:48295,,3233,,other,0,,,,,,,0,4,0,4,4,4,4,350,12,,,,,,0,,,,0,,0,,814,743,6/18/21,https://covidactnow.org/us/texas-tx/county/lipscomb_county,0.252,0.23,0,1488\
48297,US,TX,Live Oak County,county,,iso1:us#iso2:us-tx#fips:48297,,12207,0.03,other,0,,1,1.17,,,,0,0,0,4,1,4,4,1138,22,,,,,,1,,,,0,,0,,3198,2783,6/18/21,https://covidactnow.org/us/texas-tx/county/live_oak_county,0.262,0.228,0,5824\
48299,US,TX,Llano County,county,,iso1:us#iso2:us-tx#fips:48299,,21795,0.025,other,4.6,,1.36,1.07,,,,2,0,1,4,2,4,4,1694,52,,,,27,2,1,0.05,0,,0,,1,,9647,8494,6/18/21,https://covidactnow.org/us/texas-tx/county/llano_county,0.443,0.39,0,17085\
48301,US,TX,Loving County,county,,iso1:us#iso2:us-tx#fips:48301,,169,,other,0,,,,,,,0,4,0,4,4,4,4,2,0,,,,,,0,,,,0,,0,,34,27,6/18/21,https://covidactnow.org/us/texas-tx/county/loving_county,0.201,0.16,0,61\
48303,US,TX,Lubbock County,county,,iso1:us#iso2:us-tx#fips:48303,,310569,0.012,other,2.3,,0.78,0.6,0.04,,0.83,1,0,1,4,0,0,2,49453,796,,,,1650,929,20,0.6,175,146,2,0.79,2,,118605,103125,6/18/21,https://covidactnow.org/us/texas-tx/county/lubbock_county,0.382,0.332,1,214153\
48305,US,TX,Lynn County,county,,iso1:us#iso2:us-tx#fips:48305,,5951,,other,0,,1,1.17,0.09,,,0,4,0,4,1,0,4,625,23,,,,25,5,0,0.2,4,4,0,,0,,1874,1628,6/18/21,https://covidactnow.org/us/texas-tx/county/lynn_county,0.315,0.274,0,3389\
48307,US,TX,McCulloch County,county,,iso1:us#iso2:us-tx#fips:48307,,7984,0.133,other,3.6,,1,1.17,,,,2,2,1,4,1,4,4,588,20,,,,25,2,0,0.22,0,,0,,0,,2322,1951,6/18/21,https://covidactnow.org/us/texas-tx/county/mc_culloch_county,0.291,0.244,0,4054\
48309,US,TX,McLennan County,county,,iso1:us#iso2:us-tx#fips:48309,,256623,0.024,other,4.5,,0.79,0.48,0.23,,0.96,1,0,1,4,0,0,3,27697,478,,,,521,374,14,0.71,50,48,6,0.67,15,,95686,81188,6/18/21,https://covidactnow.org/us/texas-tx/county/mc_lennan_county,0.373,0.316,0,166800\
48311,US,TX,McMullen County,county,,iso1:us#iso2:us-tx#fips:48311,,743,,other,0,,,,,,,0,4,0,4,4,4,4,84,5,,,,,,0,,,,0,,0,,266,245,6/18/21,https://covidactnow.org/us/texas-tx/county/mc_mullen_county,0.358,0.33,0,474\
48313,US,TX,Madison County,county,,iso1:us#iso2:us-tx#fips:48313,,14284,0.01,other,1.2,,1.11,1.06,,,,2,0,1,4,2,4,4,1986,30,,,,25,8,2,0.59,0,,0,,0,,4627,3874,6/18/21,https://covidactnow.org/us/texas-tx/county/madison_county,0.324,0.271,0,7925\
48315,US,TX,Marion County,county,,iso1:us#iso2:us-tx#fips:48315,,9854,0.143,other,7.2,,1.06,1.18,,,,2,2,1,4,1,4,4,549,33,,,,,,1,,,,0,,1,,3024,2640,6/18/21,https://covidactnow.org/us/texas-tx/county/marion_county,0.307,0.268,0,5279\
48317,US,TX,Martin County,county,,iso1:us#iso2:us-tx#fips:48317,,5771,,other,5,,1,1.17,,,,1,4,1,4,1,4,4,642,19,,,,18,5,0,0.25,2,0,0,,1,,1492,1174,6/18/21,https://covidactnow.org/us/texas-tx/county/martin_county,0.259,0.203,0,2551\
48319,US,TX,Mason County,county,,iso1:us#iso2:us-tx#fips:48319,,4274,0.057,other,0,,0.98,1.17,,,,0,1,0,4,1,4,4,423,6,,,,,,0,,,,0,,0,,1695,1544,6/18/21,https://covidactnow.org/us/texas-tx/county/mason_county,0.397,0.361,0,3136\
48321,US,TX,Matagorda County,county,,iso1:us#iso2:us-tx#fips:48321,,36643,0.02,other,7.8,,0.83,0.91,0.25,,0.94,1,0,1,4,0,0,3,4257,114,,,,75,34,3,0.28,4,4,0,0.47,5,,13679,11199,6/18/21,https://covidactnow.org/us/texas-tx/county/matagorda_county,0.373,0.306,0,23963\
48323,US,TX,Maverick County,county,,iso1:us#iso2:us-tx#fips:48323,,58722,0.022,other,4.1,,1.39,1.05,,,1,2,0,1,4,2,4,3,11193,359,,,,101,44,1,0.5,8,8,0,0.69,5,,34737,23199,6/18/21,https://covidactnow.org/us/texas-tx/county/maverick_county,0.592,0.395,0,54608\
48325,US,TX,Medina County,county,,iso1:us#iso2:us-tx#fips:48325,,51584,0.017,other,3.6,,0.92,0.8,0.21,,,1,0,1,4,1,0,4,4733,107,,,,25,8,0,0.35,10,9,1,,1,,21541,18662,6/18/21,https://covidactnow.org/us/texas-tx/county/medina_county,0.418,0.362,1,37682\
48327,US,TX,Menard County,county,,iso1:us#iso2:us-tx#fips:48327,,2138,,other,6.7,,,,,,,1,4,1,4,4,4,4,212,9,,,,,,0,,,,0,,0,,870,808,6/18/21,https://covidactnow.org/us/texas-tx/county/menard_county,0.407,0.378,0,1543\
48329,US,TX,Midland County,county,,iso1:us#iso2:us-tx#fips:48329,,176832,0.048,other,2.7,,0.83,0.71,0.35,,0.91,1,1,1,4,0,0,3,17772,272,,,,645,181,6,0.63,29,26,4,,7,,57834,50063,6/18/21,https://covidactnow.org/us/texas-tx/county/midland_county,0.327,0.283,0,105503\
48331,US,TX,Milam County,county,,iso1:us#iso2:us-tx#fips:48331,,24823,0.033,other,11.5,,1.36,1.12,inf,,,2,1,2,4,2,4,4,2575,49,,,,35,,2,,0,,0,,20,,8358,7362,6/18/21,https://covidactnow.org/us/texas-tx/county/milam_county,0.337,0.297,0,15213\
48333,US,TX,Mills County,county,,iso1:us#iso2:us-tx#fips:48333,,4873,0.04,other,0,,1,1.17,,,,0,1,0,4,1,4,4,659,21,,,,,,0,,,,0,,0,,1681,1432,6/18/21,https://covidactnow.org/us/texas-tx/county/mills_county,0.345,0.294,0,2995\
48335,US,TX,Mitchell County,county,,iso1:us#iso2:us-tx#fips:48335,,8545,0.056,other,0,,1,1.17,,,,0,1,0,4,1,4,4,609,31,,,,25,2,0,0.32,0,0,11,,0,,2314,2099,6/18/21,https://covidactnow.org/us/texas-tx/county/mitchell_county,0.271,0.246,0,4283\
48337,US,TX,Montague County,county,,iso1:us#iso2:us-tx#fips:48337,,19818,0.018,other,1.4,,0.96,1.23,,,,1,0,1,4,1,4,4,2118,72,,,,71,1,1,0.23,0,,0,,2,,5655,4879,6/18/21,https://covidactnow.org/us/texas-tx/county/montague_county,0.285,0.246,0,9924\
48339,US,TX,Montgomery County,county,,iso1:us#iso2:us-tx#fips:48339,,607391,0.044,other,5.1,,0.97,0.22,0.08,,0.92,1,1,1,4,1,0,3,55181,600,,,,2097,802,33,0.55,96,88,5,0.51,0,,262204,213290,6/18/21,https://covidactnow.org/us/texas-tx/county/montgomery_county,0.432,0.351,0,458015\
48341,US,TX,Moore County,county,,iso1:us#iso2:us-tx#fips:48341,,20940,0.029,other,4.8,,0.9,1.19,,,,1,0,1,4,0,4,4,2757,73,,,,25,3,0,0.52,2,1,1,0.17,1,,7865,6247,6/18/21,https://covidactnow.org/us/texas-tx/county/moore_county,0.376,0.298,0,13855\
48343,US,TX,Morris County,county,,iso1:us#iso2:us-tx#fips:48343,,12388,0.2,other,4.6,,1.05,1.15,,,,2,2,1,4,1,4,4,887,34,,,,,,2,,,,1,,0,,3891,3316,6/18/21,https://covidactnow.org/us/texas-tx/county/morris_county,0.314,0.268,0,6691\
48345,US,TX,Motley County,county,,iso1:us#iso2:us-tx#fips:48345,,1200,,other,0,,,,,,,0,4,0,4,4,4,4,117,8,,,,,,0,,,,0,,0,,367,222,6/18/21,https://covidactnow.org/us/texas-tx/county/motley_county,0.306,0.185,0,578\
48347,US,TX,Nacogdoches County,county,,iso1:us#iso2:us-tx#fips:48347,,65204,0.03,other,2.2,,0.78,0.97,0.17,,0.51,1,0,1,4,0,0,0,4618,173,,,,392,174,7,0.3,28,14,4,0.34,2,,22637,18879,6/18/21,https://covidactnow.org/us/texas-tx/county/nacogdoches_county,0.347,0.29,0,37614\
48349,US,TX,Navarro County,county,,iso1:us#iso2:us-tx#fips:48349,,50113,0.01,other,4,,0.76,0.85,0.26,,0.94,1,0,1,4,0,0,3,5912,154,,,,162,23,2,0.38,5,4,1,0.28,3,,17608,14942,6/18/21,https://covidactnow.org/us/texas-tx/county/navarro_county,0.351,0.298,0,31697\
48351,US,TX,Newton County,county,,iso1:us#iso2:us-tx#fips:48351,,13595,0.022,other,0,,1.04,1.15,,,,0,0,0,4,1,4,4,637,38,,,,,,1,,,,0,,0,,2538,2236,6/18/21,https://covidactnow.org/us/texas-tx/county/newton_county,0.187,0.164,0,4622\
48353,US,TX,Nolan County,county,,iso1:us#iso2:us-tx#fips:48353,,14714,0.026,other,0,,1,1.17,,,0.65,0,0,0,4,1,4,0,1547,52,,,,86,12,0,0.31,4,2,0,0.34,0,,4879,4469,6/18/21,https://covidactnow.org/us/texas-tx/county/nolan_county,0.332,0.304,0,8084\
48355,US,TX,Nueces County,county,,iso1:us#iso2:us-tx#fips:48355,,362294,0.05,other,5,,0.98,0.38,0.26,,0.71,1,1,1,4,1,0,1,39646,837,,,,2427,830,39,0.7,139,99,12,0.86,17,,159819,135706,6/18/21,https://covidactnow.org/us/texas-tx/county/nueces_county,0.441,0.375,0,286215\
48357,US,TX,Ochiltree County,county,,iso1:us#iso2:us-tx#fips:48357,,9836,,other,5.1,,0.99,1.13,,,,1,4,1,4,1,4,4,1195,27,,,,25,2,0,0.27,0,,0,,1,,3046,2730,6/18/21,https://covidactnow.org/us/texas-tx/county/ochiltree_county,0.31,0.278,0,5550\
48359,US,TX,Oldham County,county,,iso1:us#iso2:us-tx#fips:48359,,2112,,other,0,,,,,,,0,4,0,4,4,4,4,288,4,,,,,,0,,,,0,,0,,571,490,6/18/21,https://covidactnow.org/us/texas-tx/county/oldham_county,0.27,0.232,0,1027\
48361,US,TX,Orange County,county,,iso1:us#iso2:us-tx#fips:48361,,83396,0.022,other,5.8,,0.74,0.75,,,,1,0,1,4,0,4,4,8787,153,,,,,,3,,,,1,,3,,21755,17957,6/18/21,https://covidactnow.org/us/texas-tx/county/orange_county,0.261,0.215,0,38153\
48363,US,TX,Palo Pinto County,county,,iso1:us#iso2:us-tx#fips:48363,,29189,0.08,other,3.4,,1.34,1.05,,,0.42,2,1,1,4,2,4,0,2925,76,,,,74,33,0,0.31,7,3,0,0.27,1,,8469,7416,6/18/21,https://covidactnow.org/us/texas-tx/county/palo_pinto_county,0.29,0.254,0,15152\
48365,US,TX,Panola County,county,,iso1:us#iso2:us-tx#fips:48365,,23194,0.017,other,2.5,,1.13,1.13,inf,,,2,0,1,4,2,4,4,1644,75,,,,42,6,0,0.13,0,,1,,0,,5318,4534,6/18/21,https://covidactnow.org/us/texas-tx/county/panola_county,0.229,0.195,0,8975\
48367,US,TX,Parker County,county,,iso1:us#iso2:us-tx#fips:48367,,142878,0.064,other,6.7,,0.92,0.61,0.22,,0.91,1,1,1,4,1,0,3,16082,187,,,,129,55,3,0.64,14,13,2,0.53,38,,49210,43817,6/18/21,https://covidactnow.org/us/texas-tx/county/parker_county,0.344,0.307,0,89403\
48369,US,TX,Parmer County,county,,iso1:us#iso2:us-tx#fips:48369,,9605,0.044,other,10.4,,1.32,1.07,,,,2,1,2,4,2,4,4,1309,35,,,,25,2,0,0.11,5,4,3,,2,,3087,2730,6/18/21,https://covidactnow.org/us/texas-tx/county/parmer_county,0.321,0.284,0,5511\
48371,US,TX,Pecos County,county,,iso1:us#iso2:us-tx#fips:48371,,15823,0.01,other,10.5,,1.12,1.04,,,,2,0,2,4,2,4,4,1678,34,,,,39,5,0,0.19,17,16,3,,0,,7136,6011,6/18/21,https://covidactnow.org/us/texas-tx/county/pecos_county,0.451,0.38,0,12377\
48373,US,TX,Polk County,county,,iso1:us#iso2:us-tx#fips:48373,,51353,0.053,other,0.6,,0.74,0.86,0.36,,0.77,0,1,0,4,0,0,1,3402,120,,,,66,18,0,0.36,5,3,1,0.41,0,,16985,14633,6/18/21,https://covidactnow.org/us/texas-tx/county/polk_county,0.331,0.285,0,30119\
48375,US,TX,Potter County,county,,iso1:us#iso2:us-tx#fips:48375,,117415,0.023,other,1.9,,0.77,0.78,0.28,,0.97,1,0,1,4,0,0,3,17606,458,,,,1152,495,21,0.59,82,79,11,0.7,0,,39561,32181,6/18/21,https://covidactnow.org/us/texas-tx/county/potter_county,0.337,0.274,0,69871\
48377,US,TX,Presidio County,county,,iso1:us#iso2:us-tx#fips:48377,,6704,,other,4.3,,1,1.17,,,,1,4,1,4,1,4,4,818,24,,,,,,0,,,,0,,0,,5377,4384,6/18/21,https://covidactnow.org/us/texas-tx/county/presidio_county,0.802,0.654,0,9515\
48379,US,TX,Rains County,county,,iso1:us#iso2:us-tx#fips:48379,,12514,0.111,other,1.1,,1,1.17,,,,2,2,1,4,1,4,4,814,26,,,,,,1,,,,0,,0,,3399,2961,6/18/21,https://covidactnow.org/us/texas-tx/county/rains_county,0.272,0.237,0,6107\
48381,US,TX,Randall County,county,,iso1:us#iso2:us-tx#fips:48381,,137713,0.084,other,2.2,,0.79,0.72,inf,,,1,1,1,4,0,4,4,16996,308,,,,4,,7,,0,,4,,4,,48935,42023,6/18/21,https://covidactnow.org/us/texas-tx/county/randall_county,0.355,0.305,0,87916\
48383,US,TX,Reagan County,county,,iso1:us#iso2:us-tx#fips:48383,,3849,,other,11.1,,1,1.17,,,,2,4,2,4,1,4,4,385,8,,,,7,16,0,0.07,0,,0,,0,,1107,999,6/18/21,https://covidactnow.org/us/texas-tx/county/reagan_county,0.288,0.26,0,1889\
48385,US,TX,Real County,county,,iso1:us#iso2:us-tx#fips:48385,,3452,,other,0,,,,,,,0,4,0,4,4,4,4,299,13,,,,,,0,,,,0,,0,,1360,1236,6/18/21,https://covidactnow.org/us/texas-tx/county/real_county,0.394,0.358,0,2525\
48387,US,TX,Red River County,county,,iso1:us#iso2:us-tx#fips:48387,,12023,0.029,other,0,,1,1.17,,,,0,0,0,4,1,4,4,703,38,,,,,,2,,,,1,,0,,3518,3186,6/18/21,https://covidactnow.org/us/texas-tx/county/red_river_county,0.293,0.265,0,6154\
48389,US,TX,Reeves County,county,,iso1:us#iso2:us-tx#fips:48389,,15976,0.053,other,10.4,,0.85,0.79,0,,,2,1,2,4,0,0,4,2031,44,,,,25,8,1,0.34,2,,0,,1,,5608,4781,6/18/21,https://covidactnow.org/us/texas-tx/county/reeves_county,0.351,0.299,0,10276\
48391,US,TX,Refugio County,county,,iso1:us#iso2:us-tx#fips:48391,,6948,0.056,other,8.2,,1,1.19,,,,1,1,1,4,1,4,4,685,23,,,,20,1,4,0.08,1,,0,,0,,2884,2581,6/18/21,https://covidactnow.org/us/texas-tx/county/refugio_county,0.415,0.371,0,5333\
48393,US,TX,Roberts County,county,,iso1:us#iso2:us-tx#fips:48393,,854,,other,0,,,,,,,0,4,0,4,4,4,4,63,1,,,,,,0,,,,0,,0,,196,179,6/18/21,https://covidactnow.org/us/texas-tx/county/roberts_county,0.23,0.21,0,359\
48395,US,TX,Robertson County,county,,iso1:us#iso2:us-tx#fips:48395,,17074,0.061,other,13.4,,0.98,0.88,,,,2,1,2,4,1,4,4,2211,44,,,,,,2,,,,1,,4,,5865,5066,6/18/21,https://covidactnow.org/us/texas-tx/county/robertson_county,0.344,0.297,0,10032\
48397,US,TX,Rockwall County,county,,iso1:us#iso2:us-tx#fips:48397,,104915,0.044,other,8.4,,0.96,0.6,0.64,,0.9,1,1,1,4,1,2,3,11797,157,,,,245,49,5,0.65,5,5,2,0.64,33,,48697,40458,6/18/21,https://covidactnow.org/us/texas-tx/county/rockwall_county,0.464,0.386,0,85743\
48399,US,TX,Runnels County,county,,iso1:us#iso2:us-tx#fips:48399,,10264,,other,7,,1.08,1.18,,,,1,4,1,4,1,4,4,1304,39,,,,50,6,0,0.15,1,,0,,2,,3437,3152,6/18/21,https://covidactnow.org/us/texas-tx/county/runnels_county,0.335,0.307,0,6200\
48401,US,TX,Rusk County,county,,iso1:us#iso2:us-tx#fips:48401,,54406,0.089,other,4.9,,0.88,0.88,inf,,,1,1,1,4,0,4,4,4063,109,,,,96,16,0,0.3,0,,1,,5,,15040,12884,6/18/21,https://covidactnow.org/us/texas-tx/county/rusk_county,0.276,0.237,0,26023\
48403,US,TX,Sabine County,county,,iso1:us#iso2:us-tx#fips:48403,,10542,0.016,other,0,,1,1.17,0,,,0,0,0,4,1,0,4,524,45,,,,25,0,1,0.14,4,4,0,,0,,3154,2888,6/18/21,https://covidactnow.org/us/texas-tx/county/sabine_county,0.299,0.274,0,5742\
48405,US,TX,San Augustine County,county,,iso1:us#iso2:us-tx#fips:48405,,8237,0.037,other,0,,,,0.13,,,0,1,0,4,4,0,4,585,32,,,,18,3,1,0.19,1,1,0,,0,,2792,2407,6/18/21,https://covidactnow.org/us/texas-tx/county/san_augustine_county,0.339,0.292,0,5035\
48407,US,TX,San Jacinto County,county,,iso1:us#iso2:us-tx#fips:48407,,28859,0.058,other,2.5,,0.87,0.93,,,,1,1,1,4,0,4,4,1378,39,,,,,,1,,,,1,,0,,7522,6509,6/18/21,https://covidactnow.org/us/texas-tx/county/san_jacinto_county,0.261,0.226,0,13012\
48409,US,TX,San Patricio County,county,,iso1:us#iso2:us-tx#fips:48409,,66730,0.037,other,2.6,,1.18,0.72,inf,,,2,1,1,4,2,4,4,4478,151,,,,75,,4,,0,,1,,9,,28241,23378,6/18/21,https://covidactnow.org/us/texas-tx/county/san_patricio_county,0.423,0.35,0,49188\
48411,US,TX,San Saba County,county,,iso1:us#iso2:us-tx#fips:48411,,6055,0.009,other,0,,1,1.17,,,,0,0,0,4,1,4,4,780,23,,,,,,0,,,,0,,0,,1685,1388,6/18/21,https://covidactnow.org/us/texas-tx/county/san_saba_county,0.278,0.229,0,2965\
48413,US,TX,Schleicher County,county,,iso1:us#iso2:us-tx#fips:48413,,2793,,other,0,,,,,,,0,4,0,4,4,4,4,243,6,,,,14,1,1,,0,,0,,0,,948,867,6/18/21,https://covidactnow.org/us/texas-tx/county/schleicher_county,0.339,0.31,0,1756\
48415,US,TX,Scurry County,county,,iso1:us#iso2:us-tx#fips:48415,,16703,0.005,other,10.8,,1.3,1.15,,,,2,0,2,4,2,4,4,2429,62,,,,25,12,0,0.29,0,,0,,0,,5685,4923,6/18/21,https://covidactnow.org/us/texas-tx/county/scurry_county,0.34,0.295,0,9786\
48417,US,TX,Shackelford County,county,,iso1:us#iso2:us-tx#fips:48417,,3265,,other,0,,,,,,,0,4,0,4,4,4,4,276,5,,,,,,0,,,,0,,0,,981,856,6/18/21,https://covidactnow.org/us/texas-tx/county/shackelford_county,0.3,0.262,0,1790\
48419,US,TX,Shelby County,county,,iso1:us#iso2:us-tx#fips:48419,,25274,0.029,other,5.1,,1.06,1.02,,,,1,0,1,4,1,4,4,1727,70,,,,,,2,,,,1,,3,,6077,5105,6/18/21,https://covidactnow.org/us/texas-tx/county/shelby_county,0.24,0.202,0,10349\
48421,US,TX,Sherman County,county,,iso1:us#iso2:us-tx#fips:48421,,3022,,other,0,,,,,,,0,4,0,4,4,4,4,235,12,,,,,,0,,,,0,,0,,897,703,6/18/21,https://covidactnow.org/us/texas-tx/county/sherman_county,0.297,0.233,0,1522\
48423,US,TX,Smith County,county,,iso1:us#iso2:us-tx#fips:48423,,232751,0.042,other,2.7,,0.75,0.54,0.07,,0.82,1,1,1,4,0,0,2,20608,486,,,,1363,854,29,0.73,196,161,10,0.44,0,,81289,70854,6/18/21,https://covidactnow.org/us/texas-tx/county/smith_county,0.349,0.304,1,148396\
48425,US,TX,Somervell County,county,,iso1:us#iso2:us-tx#fips:48425,,9128,0.036,other,0,,1,1.17,1.3,,,0,1,0,4,1,3,4,1084,14,,,,16,2,1,0.14,0,0,0,,0,,3095,2804,6/18/21,https://covidactnow.org/us/texas-tx/county/somervell_county,0.339,0.307,0,5522\
48427,US,TX,Starr County,county,,iso1:us#iso2:us-tx#fips:48427,,64633,0.048,other,7.5,,0.93,0.73,1.18,,,1,1,1,4,1,3,4,9544,304,,,,48,19,1,0.19,3,3,1,,3,,39307,34785,6/18/21,https://covidactnow.org/us/texas-tx/county/starr_county,0.608,0.538,0,68205\
48429,US,TX,Stephens County,county,,iso1:us#iso2:us-tx#fips:48429,,9366,,other,0,,1,1.17,,,,0,4,0,4,1,4,4,802,26,,,,40,5,0,0.2,0,,0,,0,,2575,2308,6/18/21,https://covidactnow.org/us/texas-tx/county/stephens_county,0.275,0.246,0,4399\
48431,US,TX,Sterling County,county,,iso1:us#iso2:us-tx#fips:48431,,1291,,other,0,,,,,,,0,4,0,4,4,4,4,108,4,,,,,,0,,,,0,,0,,380,315,6/18/21,https://covidactnow.org/us/texas-tx/county/sterling_county,0.294,0.244,0,689\
48433,US,TX,Stonewall County,county,,iso1:us#iso2:us-tx#fips:48433,,1350,,other,0,,,,,,,0,4,0,4,4,4,4,157,6,,,,20,1,2,0.14,0,,0,,0,,464,425,6/18/21,https://covidactnow.org/us/texas-tx/county/stonewall_county,0.344,0.315,0,827\
48435,US,TX,Sutton County,county,,iso1:us#iso2:us-tx#fips:48435,,3776,,other,15.1,,1.02,1.18,,,,2,4,2,4,1,4,4,476,8,,,,12,2,2,0.1,11,10,0,,0,,1354,1215,6/18/21,https://covidactnow.org/us/texas-tx/county/sutton_county,0.359,0.322,0,2533\
48437,US,TX,Swisher County,county,,iso1:us#iso2:us-tx#fips:48437,,7397,0.069,other,0,,0.85,1.02,,,,0,1,0,4,0,4,4,896,18,,,,20,2,0,0.21,0,,0,,0,,2250,2014,6/18/21,https://covidactnow.org/us/texas-tx/county/swisher_county,0.304,0.272,0,3738\
48439,US,TX,Tarrant County,county,,iso1:us#iso2:us-tx#fips:48439,,2102515,0.028,other,4.2,,1.05,0.16,0.12,,0.85,1,0,1,4,1,0,2,262128,3545,,,,7101,3452,89,0.68,389,331,25,0.65,155,,912543,785867,6/18/21,https://covidactnow.org/us/texas-tx/county/tarrant_county,0.434,0.374,2,1651529\
48441,US,TX,Taylor County,county,,iso1:us#iso2:us-tx#fips:48441,,138034,0.043,other,2.1,,0.79,0.74,0.18,,0.95,1,1,1,4,0,0,3,15986,413,,,,946,384,9,0.52,35,34,3,,2,,48248,41921,6/18/21,https://covidactnow.org/us/texas-tx/county/taylor_county,0.35,0.304,0,86736\
48443,US,TX,Terrell County,county,,iso1:us#iso2:us-tx#fips:48443,,776,,other,0,,,,,,,0,4,0,4,4,4,4,74,2,,,,,,0,,,,0,,0,,361,301,6/18/21,https://covidactnow.org/us/texas-tx/county/terrell_county,0.465,0.388,0,646\
48445,US,TX,Terry County,county,,iso1:us#iso2:us-tx#fips:48445,,12337,,other,0,,1.02,1.16,,,,0,4,0,4,1,4,4,1702,56,,,,45,7,1,0.18,0,,0,,0,,4077,3578,6/18/21,https://covidactnow.org/us/texas-tx/county/terry_county,0.33,0.29,0,7134\
48447,US,TX,Throckmorton County,county,,iso1:us#iso2:us-tx#fips:48447,,1501,,other,0,,,,,,,0,4,0,4,4,4,4,73,5,,,,14,2,1,0.07,0,,0,,0,,545,498,6/18/21,https://covidactnow.org/us/texas-tx/county/throckmorton_county,0.363,0.332,0,1022\
48449,US,TX,Titus County,county,,iso1:us#iso2:us-tx#fips:48449,,32750,0.036,other,2.6,,1.01,1.08,0.18,,0.7,1,1,1,4,1,0,0,3751,84,,,,174,47,1,0.62,7,5,1,0.47,2,,9875,7842,6/18/21,https://covidactnow.org/us/texas-tx/county/titus_county,0.302,0.239,0,17142\
48451,US,TX,Tom Green County,county,,iso1:us#iso2:us-tx#fips:48451,,119200,0.015,other,0.8,,0.74,0.93,0.13,,0.56,0,0,0,4,0,0,0,16926,272,,,,692,260,6,0.48,43,24,3,0.56,1,,42158,37717,6/18/21,https://covidactnow.org/us/texas-tx/county/tom_green_county,0.354,0.316,0,77845\
48453,US,TX,Travis County,county,,iso1:us#iso2:us-tx#fips:48453,,1273954,0.02,other,2.6,,1.1,0.26,0.15,,0.86,1,0,1,4,1,0,3,84303,1033,,,,3904,2022,58,0.73,275,237,22,0.67,29,,742952,627940,6/18/21,https://covidactnow.org/us/texas-tx/county/travis_county,0.583,0.493,0,1319857\
48455,US,TX,Trinity County,county,,iso1:us#iso2:us-tx#fips:48455,,14651,0.006,other,2.9,,0.88,1.14,,,,1,0,1,4,0,4,4,801,27,,,,45,,1,,0,,0,,0,,4902,4184,6/18/21,https://covidactnow.org/us/texas-tx/county/trinity_county,0.335,0.286,0,8583\
48457,US,TX,Tyler County,county,,iso1:us#iso2:us-tx#fips:48457,,21672,0.018,other,0,,0.9,0.72,0.51,,,0,0,0,4,0,1,4,1335,42,,,,49,2,1,0.09,4,3,1,,0,,5945,5343,6/18/21,https://covidactnow.org/us/texas-tx/county/tyler_county,0.274,0.247,0,10912\
48459,US,TX,Upshur County,county,,iso1:us#iso2:us-tx#fips:48459,,41753,0.154,other,1,,0.94,0.97,,,,0,2,0,4,1,4,4,3321,77,,,,,,3,,,,1,,0,,10180,8907,6/18/21,https://covidactnow.org/us/texas-tx/county/upshur_county,0.244,0.213,0,18106\
48461,US,TX,Upton County,county,,iso1:us#iso2:us-tx#fips:48461,,3657,,other,0,,1,1.17,,,,0,4,0,4,1,4,4,374,10,,,,29,31,1,0.1,8,6,0,,0,,1236,1040,6/18/21,https://covidactnow.org/us/texas-tx/county/upton_county,0.338,0.284,0,2265\
48463,US,TX,Uvalde County,county,,iso1:us#iso2:us-tx#fips:48463,,26741,0.014,other,1.6,,0.97,1.22,,,0.63,1,0,1,4,1,4,0,3605,73,,,,25,23,0,0.66,5,3,0,0.36,0,,10795,9226,6/18/21,https://covidactnow.org/us/texas-tx/county/uvalde_county,0.404,0.345,0,19313\
48465,US,TX,Val Verde County,county,,iso1:us#iso2:us-tx#fips:48465,,49025,0.07,other,5,,0.9,1,0.54,,,1,1,1,4,0,1,4,7945,233,,,,93,17,3,0.45,3,1,1,0.77,0,,23973,18034,6/18/21,https://covidactnow.org/us/texas-tx/county/val_verde_county,0.489,0.368,0,39540\
48467,US,TX,Van Zandt County,county,,iso1:us#iso2:us-tx#fips:48467,,56590,0.042,other,4.8,,0.83,0.89,inf,,,1,1,1,4,0,4,4,4427,122,,,,52,,4,,0,,1,,0,,15772,13913,6/18/21,https://covidactnow.org/us/texas-tx/county/van_zandt_county,0.279,0.246,0,27911\
48469,US,TX,Victoria County,county,,iso1:us#iso2:us-tx#fips:48469,,92084,0.053,other,8.1,,0.77,0.58,0.37,,0.76,1,1,1,4,0,0,1,9238,223,,,,726,273,29,0.42,53,40,11,0.65,18,,33848,29852,6/18/21,https://covidactnow.org/us/texas-tx/county/victoria_county,0.368,0.324,0,62018\
48471,US,TX,Walker County,county,,iso1:us#iso2:us-tx#fips:48471,,72971,0.014,other,16.4,,1.11,0.59,0.23,,0.93,2,0,2,4,2,0,3,8754,132,,,,123,53,3,0.61,6,5,1,0.49,2,,27893,22291,6/18/21,https://covidactnow.org/us/texas-tx/county/walker_county,0.382,0.305,1,47376\
48473,US,TX,Waller County,county,,iso1:us#iso2:us-tx#fips:48473,,55246,0.056,other,11.2,,1.03,0.77,,,,2,1,2,4,1,4,4,4176,50,,,,,,4,,,,1,,12,,17750,14723,6/18/21,https://covidactnow.org/us/texas-tx/county/waller_county,0.321,0.266,0,31061\
48475,US,TX,Ward County,county,,iso1:us#iso2:us-tx#fips:48475,,11998,,other,7.1,,0.99,1.25,,,,1,4,1,4,1,4,4,1214,24,,,,25,25,1,0.27,0,,0,,0,,3835,3351,6/18/21,https://covidactnow.org/us/texas-tx/county/ward_county,0.32,0.279,0,6879\
48477,US,TX,Washington County,county,,iso1:us#iso2:us-tx#fips:48477,,35882,0.069,other,13.9,,0.94,0.72,0.19,,,2,1,2,4,1,0,4,4225,94,,,,60,14,1,0.22,5,,1,0.18,7,,14726,12761,6/18/21,https://covidactnow.org/us/texas-tx/county/washington_county,0.41,0.356,0,26755\
48479,US,TX,Webb County,county,,iso1:us#iso2:us-tx#fips:48479,,276652,0.033,other,1.9,,0.83,0.88,0.12,,0.96,1,1,1,4,0,0,3,46724,844,,,,569,339,13,0.68,51,49,3,0.74,0,,174217,143256,6/18/21,https://covidactnow.org/us/texas-tx/county/webb_county,0.63,0.518,0,303088\
48481,US,TX,Wharton County,county,,iso1:us#iso2:us-tx#fips:48481,,41556,0.042,other,6.8,,0.79,0.85,,,0.5,1,1,1,4,0,4,0,4241,117,,,,49,18,0,0.28,4,2,0,0.07,1,,16037,13526,6/18/21,https://covidactnow.org/us/texas-tx/county/wharton_county,0.386,0.325,0,27814\
48483,US,TX,Wheeler County,county,,iso1:us#iso2:us-tx#fips:48483,,5056,,other,0,,1,1.17,,,,0,4,0,4,1,4,4,569,12,,,,41,3,1,0.07,49,48,38,,0,,1514,1338,6/18/21,https://covidactnow.org/us/texas-tx/county/wheeler_county,0.299,0.265,0,2640\
48485,US,TX,Wichita County,county,,iso1:us#iso2:us-tx#fips:48485,,132230,0.033,other,1.7,,0.72,0.9,0.16,,0.88,1,1,1,4,0,0,3,15170,380,,,,840,241,4,0.7,24,21,2,0.65,0,,46073,41180,6/18/21,https://covidactnow.org/us/texas-tx/county/wichita_county,0.348,0.311,1,81727\
48487,US,TX,Wilbarger County,county,,iso1:us#iso2:us-tx#fips:48487,,12769,0.018,other,3.4,,1.01,1.17,,,0.14,1,0,1,4,1,4,0,1935,55,,,,687,10,0,0.19,4,0,1,,2,,4946,4562,6/18/21,https://covidactnow.org/us/texas-tx/county/wilbarger_county,0.387,0.357,0,8633\
48489,US,TX,Willacy County,county,,iso1:us#iso2:us-tx#fips:48489,,21358,0.028,other,13.4,,0.73,0.76,,,,2,0,2,4,0,4,4,3116,90,,,,,,2,,,,1,,1,,10642,8681,6/18/21,https://covidactnow.org/us/texas-tx/county/willacy_county,0.498,0.406,0,18819\
48491,US,TX,Williamson County,county,,iso1:us#iso2:us-tx#fips:48491,,590551,0.016,other,0,,0.65,0.47,0.08,,0.84,0,0,0,4,0,0,2,46882,482,,,,1104,500,13,0.67,94,79,4,0.66,0,,323856,271484,6/18/21,https://covidactnow.org/us/texas-tx/county/williamson_county,0.548,0.46,0,572526\
48493,US,TX,Wilson County,county,,iso1:us#iso2:us-tx#fips:48493,,51070,0.035,other,4.5,,0.85,0.66,,,,1,1,1,4,0,4,4,4386,69,,,,44,7,0,0.2,4,0,0,0.2,1,,20041,16942,6/18/21,https://covidactnow.org/us/texas-tx/county/wilson_county,0.392,0.332,0,34671\
48495,US,TX,Winkler County,county,,iso1:us#iso2:us-tx#fips:48495,,8010,,other,12.5,,1.19,1.16,,,,2,4,2,4,2,4,4,779,21,,,,19,1,1,0.12,0,,0,,0,,2337,2057,6/18/21,https://covidactnow.org/us/texas-tx/county/winkler_county,0.292,0.257,0,4146\
48497,US,TX,Wise County,county,,iso1:us#iso2:us-tx#fips:48497,,69984,0.089,other,6.7,,0.93,0.79,0.08,,0.69,1,1,1,4,1,0,0,7475,124,,,,180,83,2,0.68,20,14,0,0.69,16,,20777,18584,6/18/21,https://covidactnow.org/us/texas-tx/county/wise_county,0.297,0.266,0,37240\
48499,US,TX,Wood County,county,,iso1:us#iso2:us-tx#fips:48499,,45539,0.012,other,3.8,,0.93,0.99,1.9,,,1,0,1,4,1,3,4,3487,129,,,,50,24,0,0.32,1,0,1,,0,,15460,13841,6/18/21,https://covidactnow.org/us/texas-tx/county/wood_county,0.339,0.304,0,27360\
48501,US,TX,Yoakum County,county,,iso1:us#iso2:us-tx#fips:48501,,8713,,other,0,,1,1.17,,,,0,4,0,4,1,4,4,877,27,,,,24,3,0,0.18,0,,0,,0,,2799,2429,6/18/21,https://covidactnow.org/us/texas-tx/county/yoakum_county,0.321,0.279,0,4729\
48503,US,TX,Young County,county,,iso1:us#iso2:us-tx#fips:48503,,18010,0.056,other,4,,1.04,1.16,,,,1,1,1,4,1,4,4,2188,45,,,,50,7,1,0.28,9,3,1,,5,,5509,5014,6/18/21,https://covidactnow.org/us/texas-tx/county/young_county,0.306,0.278,0,9693\
48505,US,TX,Zapata County,county,,iso1:us#iso2:us-tx#fips:48505,,14179,0.046,other,3,,1.05,1.21,,,,1,1,1,4,1,4,4,1789,36,,,,,,1,,,,0,,0,,7131,6089,6/18/21,https://covidactnow.org/us/texas-tx/county/zapata_county,0.503,0.429,0,12390\
48507,US,TX,Zavala County,county,,iso1:us#iso2:us-tx#fips:48507,,11840,0.03,other,6,,1.05,1.16,,,,1,0,1,4,1,4,4,1827,41,,,,,,1,,,,0,,1,,4845,4014,6/18/21,https://covidactnow.org/us/texas-tx/county/zavala_county,0.409,0.339,0,8762}